rowNumber,exactVariantId,brand,model,modelYear,trim,body,fuel,transmission,drivetrain,gapPriority,exactVerifiedFieldCount,exactSourceCount,manualDiscoveryStatus,manualExactAuthority,manualFamilyAssertionCount,manualTargetSourceIds,manualTargetUrls,exactManualDecisionCount,unresolvedManualDecisionCount,l9ByteReady,equipmentActiveReady,equipmentCandidateReady,exactEquipmentAssertionCount,exactDailyLifeApplicationCount,conflictCount,disposition,improved
1,00ac8628-7be2-5cc8-8151-335698d4fe69,Audi,A6 Sedan,2026,Advanced 40 TDI quattro,Sedan,DIESEL,7-speed dual-clutch automatic,AWD,P1_PRIMARY_SOURCE_ACCESS,19,1,ACCESS_REVIEW_REQUIRED,NONE,0,OM-SRC-AUDI-VIN,https://ownersmanual.audi.com/,0,0,false,false,false,0,0,0,RESEARCHED_INCONCLUSIVE,false
2,00ec7747-327a-5d69-942a-437900c098d8,Fiat,E-Scudo,2026,L3 75 kWh,Panel Van,BEV,Single-speed automatic,FWD,P1_EXACT_TRIM_APPLICABILITY,21,1,EXTRACTED,NONE,11,OM-SRC-FIAT-ELUM|OM-ART-FIAT-SCUDO-ESCUDO-2022-EN,https://aftersales.fiat.com/eLum/|https://aftersales.fiat.com/eLumData/EN/77/506_SCUDO/77_506_SCUDO_603.85.483_EN_01_01.22_L_LG/77_506_SCUDO_603.85.483_EN_01_01.22_L_LG.pdf,0,11,false,false,false,0,0,0,FAMILY_SCOPED_RETAINED,false
3,01316839-3e77-50d4-a3fd-a06c2f92ac6a,Mercedes-Benz,eVito Panelvan,2026,60 kWh Pro,Panel Van,BEV,Single-speed automatic,FWD,P1_EXACT_TRIM_APPLICABILITY,21,1,EXTRACTED,NONE,4,OM-SRC-MERCEDES-UK|OM-ART-MERCEDES-EVITO-PANELVAN-2026-NO,https://www.mercedes-benz.co.uk/passengercars/services/manuals.html|https://static.oneweb.mercedes-benz.com/css-oom-assets/no-no/pdf/mercedes-benz-vans-evito-2026-mai-i447-mbux-instruksjonsb%C3%B8k-1.pdf,0,4,false,false,false,0,0,0,FAMILY_SCOPED_RETAINED,false
4,01a559dd-917f-4f49-a4cf-84fe78e9de40,Opel,Corsa,2026,Hybrid 1.2 145 (136 HP) GS,Hatchback,MHEV,6-speed e-DCT automatic,FWD,P1_EXACT_TRIM_APPLICABILITY,14,1,EXTRACTED,NONE,8,OM-SRC-OPEL-TR|OM-ART-OPEL-CORSA-F-2025-CA,https://www.opel.com.tr/owners/manuals.html|https://public-servicebox.opel.com/OVddb/OV/ca_ES/Corsa_F/2023_2028/2025_05/manual_user/OCORSFO2505ca-1_online.pdf,0,8,false,false,false,0,0,0,FAMILY_SCOPED_RETAINED,false
5,01e37cd6-f497-5c74-a372-5f7fd71a8edf,Lamborghini,Revuelto,2026,6.5 V12 PHEV AWD,Coupe,PHEV,8-speed dual-clutch automatic,AWD,P1_PRIMARY_SOURCE_ACCESS,18,1,ACCESS_REVIEW_REQUIRED,NONE,0,OM-SRC-ACCESS-REVIEW-14,https://www.lamborghini.com/en-en/ownership,0,0,false,false,false,0,0,0,RESEARCHED_INCONCLUSIVE,false
6,031ad4b4-8eca-5799-8f19-b29fb6847d9f,SEAT,Ibiza,2026,Style 1.0 EcoTSI 115 DSG,Hatchback,GASOLINE,7-speed dual-clutch automatic,FWD,P1_EXACT_TRIM_APPLICABILITY,19,1,EXTRACTED,NONE,9,OM-SRC-SEAT-GLOBAL|OM-ART-SEAT-IBIZA-2022-EN,https://www.seat.com/owners/about-my-car/manuals|https://www.seat.com/datamanual-manual/ibiza/my23_w45/en-uk/IBIZA_11_22_EN.pdf,0,9,false,false,false,0,0,0,FAMILY_SCOPED_RETAINED,false
7,03b387a7-5140-595a-a1a7-b549222548aa,Volkswagen,Golf,2026,GTI 2.0 TSI 265 DSG,Hatchback,GASOLINE,7-speed dual-clutch automatic,FWD,P1_PRIMARY_SOURCE_ACCESS,19,1,ACCESS_REVIEW_REQUIRED,NONE,0,OM-SRC-VW-VIN-TR,https://userguide.volkswagen.de/public/vin/login/tr_TR,0,0,false,false,false,0,0,0,RESEARCHED_INCONCLUSIVE,false
8,058cfcbc-ef9b-54d3-9bd9-16d518dbe516,BMW,i4 Gran Coupe,2026,eDrive40,Coupe,BEV,Single-speed automatic,RWD,P1_PRIMARY_SOURCE_ACCESS,18,1,ACCESS_REVIEW_REQUIRED,NONE,0,OM-SRC-BMW-USA-VIN,https://www.bmwusa.com/owners-manuals.html,0,0,false,false,false,0,0,0,RESEARCHED_INCONCLUSIVE,false
9,060f9785-6363-5350-828c-f79d030ee3c5,Fiat,600e,2026,La Prima 54 kWh,SUV,BEV,Single-speed automatic,FWD,P1_EXACT_TRIM_APPLICABILITY,20,1,EXTRACTED,NONE,11,OM-SRC-FIAT-ELUM|OM-ART-FIAT-600-600E-2026-EN,https://aftersales.fiat.com/eLum/|https://aftersales.fiat.com/eLumData/EN/00/365_FIAT600/00_365_FIAT600_503.04.407_EN_01_05.26_L_LG/00_365_FIAT600_503.04.407_EN_01_05.26_L_LG.pdf,0,11,false,false,false,0,0,0,FAMILY_SCOPED_RETAINED,false
10,06d935f4-6d33-4bc7-9e89-375b8db885df,BMW,320i Sedan,2026,M Sport,Sedan,GASOLINE,Automatic,RWD,P1_PRIMARY_SOURCE_ACCESS,18,1,ACCESS_REVIEW_REQUIRED,NONE,0,OM-SRC-BMW-USA-VIN,https://www.bmwusa.com/owners-manuals.html,0,0,false,false,false,0,0,0,RESEARCHED_INCONCLUSIVE,false
11,0797f171-febd-5568-a055-454c8d115e74,Nissan,Juke,2026,Tekna 1.0 DIG-T DCT,SUV,GASOLINE,7-speed dual-clutch automatic,FWD,P1_EXACT_TRIM_APPLICABILITY,19,1,EXTRACTED,NONE,5,OM-SRC-NISSAN-UK|OM-ART-NISSAN-JUKE-2022-EN-IE,https://www.nissan.co.uk/owners/car-repair/car-owner-manual/all-manuals/iom.shtml|https://libs-europe.nissan-cdn.net/nissan-prod-iom/ie/en/juke-om_f16_en6_2019-present/pdf/juke-om_f16_en6_november-2022.pdf,0,5,false,false,false,0,0,0,FAMILY_SCOPED_RETAINED,false
12,07e4ccbf-60d0-570e-a3b5-e5bfd430b02f,Renault,Clio,2026,Esprit Alpine E-Tech Full Hybrid 160,Hatchback,HEV,Automatic,FWD,P1_EXACT_TRIM_APPLICABILITY,19,1,EXTRACTED,NONE,8,OM-SRC-RENAULT-GUIDE|OM-ART-RENAULT-CLIO5-EN,https://www.user-manual.renault.com/en|https://www.user-manual.renault.com/sites/renault/files/Clio_5_ph2_-_1457-3_ENG.pdf,0,8,false,false,false,0,0,0,FAMILY_SCOPED_RETAINED,false
13,08030664-0509-51a0-ac5e-283bde7843f3,Dacia,Jogger,2026,extreme 7 koltuk Eco-G 120 EDC,MPV,LPG,6-speed dual-clutch automatic,FWD,P1_EXACT_TRIM_APPLICABILITY,19,1,EXTRACTED,NONE,3,OM-SRC-DACIA-GLOBAL|OM-ART-DACIA-JOGGER-2025-EN,https://www.user-manual.dacia.com/en|https://www.user-manual.dacia.com/en/notice/2367/videos,0,3,false,false,false,0,0,0,FAMILY_SCOPED_RETAINED,false
14,085b3d78-531a-5879-8c99-219719a93413,Land Rover,Range Rover Sport,2026,Autobiography P460e,SUV,PHEV,8-speed automatic,AWD,P1_EXACT_TRIM_APPLICABILITY,21,1,EXTRACTED,NONE,6,OM-SRC-LAND-ROVER-IGUIDE|OM-ART-LAND-ROVER-RANGE-ROVER-SPORT-2024-WARNING-LAMPS-EN,https://www.ownerinfo.landrover.com/|https://www.ownerinfo.landrover.com/document/3R/2024/1706809/proc/G2629806/G3307816,0,6,false,false,false,0,0,0,FAMILY_SCOPED_RETAINED,false
15,0896af49-b815-52b0-8b59-acf3045e572a,Audi,Q6 Sportback e-tron,2026,performance,Fastback SUV,BEV,Single-speed automatic,FWD,P1_PRIMARY_SOURCE_ACCESS,20,1,ACCESS_REVIEW_REQUIRED,NONE,0,OM-SRC-AUDI-VIN,https://ownersmanual.audi.com/,0,0,false,false,false,0,0,0,RESEARCHED_INCONCLUSIVE,false
16,08a43f02-2678-5b9c-ab63-3b60dd85565d,Škoda,Enyaq,2026,60 e-Prestige,SUV,BEV,Single-speed automatic,FWD,P1_EXACT_TRIM_APPLICABILITY,20,1,EXTRACTED,NONE,3,OM-SRC-SKODA-GLOBAL|OM-ART-SKODA-ENYAQ-TECH-EN,https://manual.skoda-auto.com/001/en-mm/Models|https://cdn.skoda-storyboard.com/2025/05/TD-Enyaq-en_0308de7f.pdf,0,3,false,false,false,0,0,0,FAMILY_SCOPED_RETAINED,false
17,095a76ad-7d0b-5876-8e2c-a9d5e61526e9,Opel,Vivaro Cargo,2026,XL 2.2 Diesel 180 EAT8,Panel Van,DIESEL,8-speed automatic,FWD,P1_EXACT_TRIM_APPLICABILITY,17,1,EXTRACTED,NONE,11,OM-SRC-OPEL-TR|OM-ART-OPEL-VIVARO-ZAFIRA-2025-CA,https://www.opel.com.tr/owners/manuals.html|https://public-servicebox.opel.com/OVddb/OV/ca_ES/Vivaro_C/2020_2025/2025_05/manual_user/OVIVACO2505ca-1_online.pdf,0,11,false,false,false,0,0,0,FAMILY_SCOPED_RETAINED,false
18,0982e019-e237-546d-94be-cda6c712f616,Opel,Frontera,2026,Edition Hybrid 145,SUV,HEV,6-speed dual-clutch automatic,FWD,P1_EXACT_TRIM_APPLICABILITY,19,1,EXTRACTED,NONE,5,OM-SRC-OPEL-TR|OM-ART-OPEL-FRONTERA-2025-CA,https://www.opel.com.tr/owners/manuals.html|https://public-servicebox.opel.com/OVddb/OV/ca_ES/Frontera/2024_2029/2025_11/manual_user/OFRONCO2511ca-1_online.pdf,0,5,false,false,false,0,0,0,FAMILY_SCOPED_RETAINED,false
19,09975ae7-2fc1-599f-ab09-18d33f3d43bf,Dacia,Sandero Stepway,2026,expression Eco-G 120 EDC,SUV,LPG,6-speed dual-clutch automatic,FWD,P1_EXACT_TRIM_APPLICABILITY,19,1,EXTRACTED,NONE,4,OM-SRC-DACIA-GLOBAL|OM-ART-DACIA-SANDERO-PH2-EN,https://www.user-manual.dacia.com/en|https://www.user-manual.dacia.com/sites/dacia/files/Sandero_2_Ph2_-_1232-11_ENG.pdf,0,4,false,false,false,0,0,0,FAMILY_SCOPED_RETAINED,false
20,0adeea86-fb4f-51b2-9241-e82605ac148e,Kia,Sorento,2026,Prestige Smart 7 Koltuk 1.6 T-GDI HEV 239 4x4,SUV,HEV,6-speed automatic,AWD,P1_EXACT_TRIM_APPLICABILITY,19,1,EXTRACTED,NONE,5,OM-SRC-KIA-ITALY|OM-ART-KIA-SORENTO-2025-EN-GB,https://www.kia.com/it/service/warranty-guides/kia-owners-manual-and-guides/|https://ownersmanual.kia.com/full_webhelp/MQ4/2025/en_GB/toc.html,0,5,false,false,false,0,0,0,FAMILY_SCOPED_RETAINED,false
21,0b0a5bf4-1bf2-5cb0-82b0-ca000687ea0e,MINI,Countryman Electric,2026,SE ALL4 Favoured,SUV,BEV,Single-speed automatic,AWD,P1_PRIMARY_SOURCE_ACCESS,20,1,ACCESS_REVIEW_REQUIRED,NONE,0,OM-SRC-ACCESS-REVIEW-17,https://www.mini.com/en_MS/home/owners/mini-digital-manual.html,0,0,false,false,false,0,0,0,RESEARCHED_INCONCLUSIVE,false
22,0b9ac43e-3178-5abe-bc64-822bf37c7971,Maserati,Grecale,2026,Trofeo 3.0 V6 AWD,SUV,GASOLINE,8-speed automatic,AWD,P1_PRIMARY_SOURCE_ACCESS,19,1,ACCESS_REVIEW_REQUIRED,NONE,0,OM-SRC-ACCESS-REVIEW-16,https://guides.maserati.com/,0,0,false,false,false,0,0,0,RESEARCHED_INCONCLUSIVE,false
23,0bbaab64-c30f-52f4-a812-8e49705e6ba2,MINI,Cooper Cabrio,2026,C Favoured,Convertible,GASOLINE,7-speed dual-clutch automatic,FWD,P1_PRIMARY_SOURCE_ACCESS,19,1,ACCESS_REVIEW_REQUIRED,NONE,0,OM-SRC-ACCESS-REVIEW-17,https://www.mini.com/en_MS/home/owners/mini-digital-manual.html,0,0,false,false,false,0,0,0,RESEARCHED_INCONCLUSIVE,false
24,0c34d302-78d3-54ee-923b-272b670873bf,Hyundai,BAYON,2026,1.0 T-GDI 90 PS DCT Elite,SUV,GASOLINE,7-speed dual-clutch automatic,FWD,P1_EXACT_TRIM_APPLICABILITY,30,1,EXTRACTED,NONE,7,OM-SRC-HYUNDAI-UK|OM-ART-HYUNDAI-BAYON-EN-GB,https://www.hyundai.com/uk/en/owners/owning-a-hyundai/owners-manuals.html|https://dmassets.hyundai.com/is/content/hyundaiautoever/i20+Bayon+BC3pdf,0,7,false,false,false,0,0,0,FAMILY_SCOPED_RETAINED,false
25,0d1d5ed0-5865-540f-b9c0-f081a5bbb636,CUPRA,Born,2026,59 kWh 150 kW,Hatchback,BEV,Single-speed automatic,RWD,P1_EXACT_TRIM_APPLICABILITY,25,1,EXTRACTED,NONE,6,OM-SRC-CUPRA-UK|OM-ART-CUPRA-BORN-2021-EN,https://www.cupraofficial.com/owners/cupra-car-model-manuals.html|https://www.cupraofficial.com/content/dam/public/cupra-website/owners/cupra-manuals/brochures/cupra-born/CUPRA_BORN_from_NOVEMBER_2021_English.pdf,0,6,false,false,false,0,0,0,FAMILY_SCOPED_RETAINED,false
26,0d7f13ae-84c4-517c-9e12-1f84eb3c483c,Mercedes-Benz,Citan Panelvan,2026,110 CDI Base,Panel Van,DIESEL,6-speed manual,FWD,P1_EXACT_TRIM_APPLICABILITY,18,1,EXTRACTED,NONE,3,OM-SRC-MERCEDES-UK|OM-ART-MERCEDES-CITAN-PANELVAN-2024-EN,https://www.mercedes-benz.co.uk/passengercars/services/manuals.html|https://static.oneweb.mercedes-benz.com/css-oom-assets/en-mt/pdf/mercedes-benz-vans-citan-2024-november-c420-mbux-owners-manual-1.pdf,0,3,false,false,false,0,0,0,FAMILY_SCOPED_RETAINED,false
27,0dd179ab-869a-5f52-bdfd-9f8eebae5ea2,Citroën,C5 Aircross Hybrid 145,2026,Plus 1.2 Hybrid 145 eDCS6,SUV,MHEV,6-speed dual-clutch automatic,FWD,P1_EXACT_TRIM_APPLICABILITY,23,1,EXTRACTED,NONE,8,OM-SRC-CITROEN-SERVICE|OM-ART-CITROEN-C5-AIRCROSS-2025-EN,https://service.citroen.com/ACddb/|https://service.citroen.com/ACddb/modeles/c5ac.cr3/cr3/ed07-25/en_us/CC5ACBO2507en-1.pdf,0,8,false,false,false,0,0,0,FAMILY_SCOPED_RETAINED,false
28,0eab1db0-7e36-5a9c-9a7d-1f2cd32a538f,Škoda,Kodiaq,2026,Prestige 1.5 TSI mHEV 150 DSG,SUV,MHEV,7-speed dual-clutch automatic,FWD,P1_EXACT_TRIM_APPLICABILITY,19,1,EXTRACTED,NONE,2,OM-SRC-SKODA-GLOBAL|OM-ART-SKODA-KODIAQ-TECH-EN,https://manual.skoda-auto.com/001/en-mm/Models|https://cdn.skoda-storyboard.com/2022/04/TD-Kodiaq-en_eda330ec_6ec18a3e.pdf,0,2,false,false,false,0,0,0,FAMILY_SCOPED_RETAINED,false
29,0fd1461c-debf-5e27-a5b8-cc44f8852b53,JAECOO,JAECOO 7,2026,Evolve 1.6 TGDI 4x4 DCT,SUV,GASOLINE,7-speed dual-clutch automatic,AWD,P1_PRIMARY_SOURCE_ACCESS,19,1,ACCESS_REVIEW_REQUIRED,NONE,0,OM-SRC-ACCESS-REVIEW-11,https://www.jaecoo.com.tr/,0,0,false,false,false,0,0,0,RESEARCHED_INCONCLUSIVE,false
30,10a2938a-f8a4-5605-8c93-9afb37900352,BMW,5 Serisi Sedan,2026,520i,Sedan,MHEV,Automatic,RWD,P1_PRIMARY_SOURCE_ACCESS,11,1,ACCESS_REVIEW_REQUIRED,NONE,0,OM-SRC-BMW-USA-VIN,https://www.bmwusa.com/owners-manuals.html,0,0,false,false,false,0,0,0,RESEARCHED_INCONCLUSIVE,false
31,11382bb9-bf71-52bf-9d0b-33befe86da7e,BYD,SEAL U EV,2025,Design,SUV,BEV,Single-speed automatic,FWD,P2_REMAINING_TECHNICAL_AND_EQUIPMENT_GAPS,20,1,EXTRACTED,NONE,12,OM-SRC-BYD-EU|OM-ART-BYD-SEAL-TR|OM-ART-BYD-SEAL-U-EV-TR,https://www.byd.com/eu/service-maintenance/owners-manual|https://www.byd.com/material/byd-site/eu/support/service/manual/20250219/BYD%20SEAL%20Kullan%C4%B1m%20K%C4%B1lavuzu-Soldan%20Direksiyon-TR.pdf|https://www.byd.com/material/byd-site/eu/support/service/manual/20241030/seal-u-ev/BYD%20SEAL%20U%20EV%20Kullan%C4%B1m%20K%C4%B1lavuzu-Soldan%20Direksiyon-TR.pdf,5,1,true,false,true,5,5,0,EXACT_L9_BYTES_VERIFIED,true
32,1151a5b1-d33d-5701-afda-5518b1de962a,Isuzu,D-Max,2026,V-Cross 4x4 AT,Pickup,DIESEL,6-speed automatic,AWD,P1_PRIMARY_SOURCE_ACCESS,17,1,ACCESS_REVIEW_REQUIRED,NONE,0,OM-SRC-ACCESS-REVIEW-10,https://www.isuzu.com.tr/,0,0,false,false,false,0,0,0,RESEARCHED_INCONCLUSIVE,false
33,1205cd1a-9717-5c13-bc86-f91b71832234,Škoda,Scala,2026,Premium 1.5 TSI 150 DSG,Hatchback,GASOLINE,7-speed dual-clutch automatic,FWD,P1_EXACT_TRIM_APPLICABILITY,19,1,EXTRACTED,NONE,2,OM-SRC-SKODA-GLOBAL|OM-ART-SKODA-SCALA-TECH-EN,https://manual.skoda-auto.com/001/en-mm/Models|https://cdn.skoda-storyboard.com/2019/04/TD-SCALA-petrol-diesel-en.pdf,0,2,false,false,false,0,0,0,FAMILY_SCOPED_RETAINED,false
34,13506552-ccb5-55a7-a94a-ed3842bc5a8f,Mitsubishi,Colt,2026,1.0 Turbo Invite,Hatchback,GASOLINE,6-speed manual,FWD,P1_EXACT_TRIM_APPLICABILITY,19,1,EXTRACTED,NONE,4,OM-SRC-MITSUBISHI-UK|OM-ART-MITSUBISHI-COLT-EQUIPMENT-2023-DE,https://mitsubishi-motors.co.uk/owners/manuals-and-guides/owners-manuals/|https://presse.mitsubishi-motors.de/api/asset/1481/download,0,4,false,false,false,0,0,0,FAMILY_SCOPED_RETAINED,false
35,13fe566c-3346-5daf-9de8-81b6828e13d2,Toyota,Proace Verso,2026,VIP Long 2.2 D-4D 180 AT,Passenger Van,DIESEL,8-speed automatic,FWD,P1_EXACT_TRIM_APPLICABILITY,16,1,EXTRACTED,NONE,9,OM-SRC-TOYOTA-TR|OM-ART-TOYOTA-PROACE-CARGO-VERSO-2025-TR,https://kullanicielkitaplari.toyota.com.tr/|https://turkiye.toyota.com.tr/Files/KILAVUZ/PROACE_VERSO/Proace_ProaceVerso_OMK0L00T.pdf,0,9,false,false,false,0,0,0,FAMILY_SCOPED_RETAINED,false
36,14b832c7-fc2a-548a-ba06-e6975dc2b784,Hyundai,BAYON,2026,1.0 T-GDI 90 PS DCT Jump (GSR2C & E-Call),SUV,GASOLINE,7-speed dual-clutch automatic,FWD,P1_EXACT_TRIM_APPLICABILITY,32,1,EXTRACTED,NONE,7,OM-SRC-HYUNDAI-UK|OM-ART-HYUNDAI-BAYON-EN-GB,https://www.hyundai.com/uk/en/owners/owning-a-hyundai/owners-manuals.html|https://dmassets.hyundai.com/is/content/hyundaiautoever/i20+Bayon+BC3pdf,0,7,false,false,false,0,0,0,FAMILY_SCOPED_RETAINED,false
37,15d824de-96d9-5da7-8735-09ab1d70bd74,BMW,i7,2026,M70 xDrive,Sedan,BEV,Single-speed automatic,AWD,P1_PRIMARY_SOURCE_ACCESS,18,1,ACCESS_REVIEW_REQUIRED,NONE,0,OM-SRC-BMW-USA-VIN,https://www.bmwusa.com/owners-manuals.html,0,0,false,false,false,0,0,0,RESEARCHED_INCONCLUSIVE,false
38,1613717c-5d7c-5087-85d1-f1dcb754d3cf,Fiat,Grande Panda,2026,La Prima Hybrid 110 eDCT,Hatchback,MHEV,6-speed dual-clutch automatic,FWD,P1_EXACT_TRIM_APPLICABILITY,19,1,EXTRACTED,NONE,7,OM-SRC-FIAT-ELUM|OM-ART-FIAT-GRANDE-PANDA-2026-EN,https://aftersales.fiat.com/eLum/|https://aftersales.fiat.com/eLumData/EN/00/142_GRANDEPANDA/00_142_GRANDEPANDA_503.03.870_EN_01_01.26_L_LG/00_142_GRANDEPANDA_503.03.870_EN_01_01.26_L_LG.pdf,0,7,false,false,false,0,0,0,FAMILY_SCOPED_RETAINED,false
39,166e01a7-6ad4-527a-99af-c2b8c884d7f0,Mercedes-Benz,Sprinter Panelvan,2026,315 CDI L3H2,Panel Van,DIESEL,9-speed automatic,FWD,P1_EXACT_TRIM_APPLICABILITY,18,1,EXTRACTED,NONE,4,OM-SRC-MERCEDES-UK|OM-ART-MERCEDES-SPRINTER-CHASSIS-2024-EN-US|OM-ART-MERCEDES-SPRINTER-PANELVAN-2024-EN-US,https://www.mercedes-benz.co.uk/passengercars/services/manuals.html|https://mbvans.com/content/dam/mb-vans/us/manuals/2024/sprinter/MY24_907_Sprinter_Owners%20Manual_Edition%20B_no%20cover%20%282%29.pdf|https://mbvans.com/content/dam/mb-vans/us/manuals/2024/sprinter/MY24_907_Sprinter_Owners%20Manual_Edition%20B_no%20cover%20%282%29.pdf,0,4,false,false,false,0,0,0,FAMILY_SCOPED_RETAINED,false
40,1692aba6-f62c-527a-bb8f-62a0a1f5071d,Volkswagen,ID.4,2026,Pro 210 kW,SUV,BEV,Single-speed automatic,FWD,P1_PRIMARY_SOURCE_ACCESS,20,1,ACCESS_REVIEW_REQUIRED,NONE,0,OM-SRC-VW-VIN-TR,https://userguide.volkswagen.de/public/vin/login/tr_TR,0,0,false,false,false,0,0,0,RESEARCHED_INCONCLUSIVE,false
41,16a540b8-eb15-5191-8ce2-c6281a1581de,SEAT,Ateca,2026,FR Dark Edition 1.5 EcoTSI 150 DSG,SUV,GASOLINE,7-speed dual-clutch automatic,FWD,P1_EXACT_TRIM_APPLICABILITY,19,1,EXTRACTED,NONE,9,OM-SRC-SEAT-GLOBAL|OM-ART-SEAT-ATECA-2022-EN,https://www.seat.com/owners/about-my-car/manuals|https://www.seat.com/datamanual-manual/ateca/my23_w25/en-uk/ATECA_06_22_EN.pdf,0,9,false,false,false,0,0,0,FAMILY_SCOPED_RETAINED,false
42,17059c89-031e-542a-90dd-83be8c972960,Toyota,Corolla Hatchback,2026,Passion 1.8 Hybrid e-CVT,Hatchback,HEV,CVT automatic,FWD,P1_EXACT_TRIM_APPLICABILITY,19,1,EXTRACTED,NONE,26,OM-SRC-TOYOTA-TR|OM-ART-TOYOTA-COROLLA-2026-TR|OM-ART-TOYOTA-COROLLA-CROSS-2025-TR|OM-ART-TOYOTA-COROLLA-HB-2026-TR|OM-ART-TOYOTA-COROLLA-HEV-2026-TR,https://kullanicielkitaplari.toyota.com.tr/|https://turkiye.toyota.com.tr/Files/KILAVUZ/COROLLA/Corolla_OM_OM9AL65T.pdf|https://turkiye.toyota.com.tr/Files/KILAVUZ/COROLLA%20CROSS%20HYBRID/CorollaCross_HEV_OM_OM9AK33T.pdf|https://turkiye.toyota.com.tr/Files/KILAVUZ/COROLLA_HB_HYBRID/Corolla_HB_Hybrid_OM_OM9AL73T.pdf|https://turkiye.toyota.com.tr/Files/KILAVUZ/COROLLA_HYBRID/Corolla_Hybrid_OM_OM9AL68T.pdf,0,9,false,false,false,0,0,0,FAMILY_SCOPED_RETAINED,false
43,179b378e-094f-5ace-82ed-eb8e57174ce9,Ferrari,296 GTB,2026,3.0 V6 PHEV DCT,Coupe,PHEV,8-speed dual-clutch automatic,RWD,P1_PRIMARY_SOURCE_ACCESS,18,1,ACCESS_REVIEW_REQUIRED,NONE,0,OM-SRC-ACCESS-REVIEW-08,https://www.ferrari.com/en-EN/auto/owners,0,0,false,false,false,0,0,0,RESEARCHED_INCONCLUSIVE,false
44,17acf515-a3ee-5d40-bb45-f22563576676,Hyundai,BAYON,2026,1.0 T-GDI 90 PS DCT Elite GSR2C,SUV,GASOLINE,7-speed dual-clutch automatic,FWD,P1_EXACT_TRIM_APPLICABILITY,31,1,EXTRACTED,NONE,7,OM-SRC-HYUNDAI-UK|OM-ART-HYUNDAI-BAYON-EN-GB,https://www.hyundai.com/uk/en/owners/owning-a-hyundai/owners-manuals.html|https://dmassets.hyundai.com/is/content/hyundaiautoever/i20+Bayon+BC3pdf,0,7,false,false,false,0,0,0,FAMILY_SCOPED_RETAINED,false
45,17d1c6b7-abfc-566e-9660-86516ba4e9a3,Ford,Kuga,2026,ST-Line X 2.5 Duratec PHEV,SUV,PHEV,e-CVT automatic,FWD,P1_EXACT_TRIM_APPLICABILITY,21,1,EXTRACTED,NONE,9,OM-SRC-FORD-TR|OM-ART-FORD-KUGA-2025-EN-GB,https://www.fordservicecontent.com/Ford_Content/vdirsnet/OwnerManual/|https://www.fordservicecontent.com/Ford_Content/Catalog/owner_information/CG3992en-202501-20250507122111.pdf,0,9,false,false,false,0,0,0,FAMILY_SCOPED_RETAINED,false
46,1896da49-476a-5077-a3ae-1dd4c52b184a,CUPRA,Formentor,2026,Supreme 1.5 eTSI ACT 150 PS DSG,SUV,MHEV,7-speed dual-clutch automatic,FWD,P1_EXACT_TRIM_APPLICABILITY,23,1,EXTRACTED,NONE,9,OM-SRC-CUPRA-UK|OM-ART-CUPRA-FORMENTOR-2021-EN,https://www.cupraofficial.com/owners/cupra-car-model-manuals.html|https://www.cupraofficial.com/content/dam/public/cupra-website/owners/cupra-car-model-manuals/brochures/CUPRA_FORMENTOR_06_21_EN.pdf,0,9,false,false,false,0,0,0,FAMILY_SCOPED_RETAINED,false
47,18eed3ff-6705-51dc-8296-e2eea680b48c,Fiat,Egea Sedan,2026,Lounge 1.6 MultiJet 130 6MT,Sedan,DIESEL,6-speed manual,FWD,P1_EXACT_TRIM_APPLICABILITY,19,1,EXTRACTED,NONE,11,OM-SRC-FIAT-ELUM|OM-ART-FIAT-EGEA-CROSS-TIPO-2022-EN|OM-ART-FIAT-EGEA-SEDAN-TIPO-2018-EN,https://aftersales.fiat.com/eLum/|https://aftersales.fiat.com/eLumData/EN/00/357_TIPO5P/00_357_TIPO5P_603.85.782_EN_02_11.22_L_LG/00_357_TIPO5P_603.85.782_EN_02_11.22_L_LG.pdf|https://aftersales.fiat.com/eLumData/EN/00/356_TIPO/00_356_TIPO_603.91.682_EN_01_06.18_L_LG/00_356_TIPO_603.91.682_EN_01_06.18_L_LG.pdf,0,7,false,false,false,0,0,0,FAMILY_SCOPED_RETAINED,false
48,1a3cc01d-3bfa-56f3-817f-4cc77e723ef8,Alfa Romeo,Junior,2026,Ibrida 145 PS Speciale+ eDCT6,SUV,MHEV,6-speed eDCT dual-clutch automatic,FWD,P1_PRIMARY_SOURCE_ACCESS,34,2,ACCESS_REVIEW_REQUIRED,NONE,0,OM-SRC-ACCESS-REVIEW-01,https://aftersales.fiat.com/eLum/,0,0,false,true,true,24,0,0,RESEARCHED_INCONCLUSIVE,false
49,1a5ccef0-2748-5bf7-a90a-221a51ed994f,Hyundai,i20,2026,1.0 T-GDI 90PS DCT Elite,Hatchback,GASOLINE,7-speed dual-clutch automatic,FWD,P1_EXACT_TRIM_APPLICABILITY,37,1,EXTRACTED,NONE,7,OM-SRC-HYUNDAI-UK|OM-ART-HYUNDAI-I20-MY25-EN-GB,https://www.hyundai.com/uk/en/owners/owning-a-hyundai/owners-manuals.html|https://dmassets.hyundai.com/is/content/hyundaiautoever/i20_MY25pdf,0,7,false,false,false,0,0,0,FAMILY_SCOPED_RETAINED,false
50,1b1537dd-ba55-5523-9156-8060254b0aec,Volkswagen,Caddy Cargo,2026,2.0 TDI 122 DSG,Panel Van,DIESEL,7-speed dual-clutch automatic,FWD,P1_PRIMARY_SOURCE_ACCESS,17,1,ACCESS_REVIEW_REQUIRED,NONE,0,OM-SRC-VW-VIN-TR,https://userguide.volkswagen.de/public/vin/login/tr_TR,0,0,false,false,false,0,0,0,RESEARCHED_INCONCLUSIVE,false
51,1b50f964-d4c9-5123-9c8b-6551dc0b089a,Volvo,EX40,2026,Single Motor Extended Range Ultra,SUV,BEV,Single-speed automatic,FWD,P1_EXACT_TRIM_APPLICABILITY,20,1,EXTRACTED,NONE,2,OM-SRC-VOLVO-UK|OM-ART-VOLVO-EX40-2026-TOWING-EN-UK-HTML,https://www.volvocars.com/uk/support/car/|https://www.volvocars.com/uk/support/car/ex40/article/0ed816eed33d98cac0a8cc377bc12bc7-70bede2dc073ca71c0a8b0975b1e6fa3-8664b2fa77a7e089c0a8296870d1a409/,0,2,false,false,false,0,0,0,FAMILY_SCOPED_RETAINED,false
52,1b92a7ed-9195-5c1f-88a6-a0d437531869,Porsche,Taycan,2026,Turbo,Sedan,BEV,Single-speed automatic,AWD,P1_PRIMARY_SOURCE_ACCESS,20,1,ACCESS_REVIEW_REQUIRED,NONE,0,OM-SRC-ACCESS-REVIEW-19,https://manual.porsche.com/,0,0,false,false,false,0,0,0,RESEARCHED_INCONCLUSIVE,false
53,1c4e3049-0e51-5898-9e6d-fe6dbea39986,Porsche,Panamera,2026,4 E-Hybrid,Liftback,PHEV,8-speed dual-clutch automatic,AWD,P1_PRIMARY_SOURCE_ACCESS,19,1,ACCESS_REVIEW_REQUIRED,NONE,0,OM-SRC-ACCESS-REVIEW-19,https://manual.porsche.com/,0,0,false,false,false,0,0,0,RESEARCHED_INCONCLUSIVE,false
54,1ca51453-b4e4-5f31-8dce-91b9b0f361eb,Honda,HR-V,2026,Advance 1.5 e:HEV,SUV,HEV,e-CVT automatic,FWD,P1_EXACT_TRIM_APPLICABILITY,19,1,EXTRACTED,NONE,6,OM-SRC-HONDA-UK|OM-ART-HONDA-HRV-26MY-EN-GB,https://www.honda.co.uk/cars/owners/manuals-and-guides/honda-owners-manuals.html|https://www.honda.co.uk/content/honda/en_gb/cars/owners/manuals-and-guides/honda-owners-manuals/jcr:content/par1/textcolumnwithimagem_1841985346/textColumn/richtextdownload_62a/file.res/26%20HR-V%20HEV%20Sss%20(KE%20KG)-323N06300_web.pdf,0,6,false,false,false,0,0,0,FAMILY_SCOPED_RETAINED,false
55,1caf254f-c818-5d7e-bba3-b2632e2bf408,Mitsubishi,Outlander,2026,PHEV Instyle AWD,SUV,PHEV,Automatic,AWD,P1_EXACT_TRIM_APPLICABILITY,19,1,EXTRACTED,NONE,3,OM-SRC-MITSUBISHI-UK|OM-ART-MITSUBISHI-OUTLANDER-PHEV-2026-DE,https://mitsubishi-motors.co.uk/owners/manuals-and-guides/owners-manuals/|https://www.mitsubishi-motors.de/outlander-plug-in-hybrid/technik,0,3,false,false,false,0,0,0,FAMILY_SCOPED_RETAINED,false
56,1d3ff890-6978-5e2b-8cba-11bb56b9e33e,Subaru,Solterra,2026,e-Xcellent AWD,SUV,BEV,Single-speed automatic,AWD,P1_PRIMARY_SOURCE_ACCESS,20,1,ACCESS_REVIEW_REQUIRED,NONE,0,OM-SRC-ACCESS-REVIEW-21,https://www.subaru.com/owners/vehicle-resources.html,0,0,false,false,false,0,0,0,RESEARCHED_INCONCLUSIVE,false
57,1d50639e-659f-5852-b8e8-f21e05b7de12,Mercedes-Benz,CLA,2026,CLA 200 AMG,Coupe,MHEV,7-speed dual-clutch automatic,FWD,P1_EXACT_TRIM_APPLICABILITY,19,1,EXTRACTED,NONE,3,OM-SRC-MERCEDES-UK|OM-ART-MERCEDES-CLA-2024-EN,https://www.mercedes-benz.co.uk/passengercars/services/manuals.html|https://static.oneweb.mercedes-benz.com/css-oom-assets/en-sa/pdf/mercedes-cla-coupe-2024-april-c118-mbux-owners-manual-1.pdf,0,3,false,false,false,0,0,0,FAMILY_SCOPED_RETAINED,false
58,1dd3651a-fb7b-5aa4-a674-6a3e1525a2b9,Fiat,Ducato Van,2026,L4H2 15 m³ 2.2 180 6MT,Panel Van,DIESEL,6-speed manual,FWD,P1_EXACT_TRIM_APPLICABILITY,17,1,EXTRACTED,NONE,10,OM-SRC-FIAT-ELUM|OM-ART-FIAT-DUCATO-2021-EN,https://aftersales.fiat.com/eLum/|https://aftersales.fiat.com/eLumData/EN/77/290_DUCATOMCA/77_290_DUCATOMCA_603.85.375_EN_05_10.21_L_LG/77_290_DUCATOMCA_603.85.375_EN_05_10.21_L_LG.pdf,0,10,false,false,false,0,0,0,FAMILY_SCOPED_RETAINED,false
59,1e753239-9ff2-5a6d-b169-acb5daedcaf2,Subaru,Forester,2026,2.0i Style e-BOXER,SUV,HEV,CVT automatic,AWD,P1_PRIMARY_SOURCE_ACCESS,19,1,ACCESS_REVIEW_REQUIRED,NONE,0,OM-SRC-ACCESS-REVIEW-21,https://www.subaru.com/owners/vehicle-resources.html,0,0,false,false,false,0,0,0,RESEARCHED_INCONCLUSIVE,false
60,1eb75421-a038-4679-977e-7cd4e4608863,Renault,Clio,2026,evolution plus TCe EDC 115 hp,Hatchback,GASOLINE,6-speed dual-clutch automatic,FWD,P1_EXACT_TRIM_APPLICABILITY,31,1,EXTRACTED,NONE,8,OM-SRC-RENAULT-GUIDE|OM-ART-RENAULT-CLIO5-EN,https://www.user-manual.renault.com/en|https://www.user-manual.renault.com/sites/renault/files/Clio_5_ph2_-_1457-3_ENG.pdf,0,8,false,false,false,0,0,0,FAMILY_SCOPED_RETAINED,false
61,1eca4fd0-22e2-5a41-b55a-3b66ff5a456b,Mitsubishi,ASX,2026,1.3 Turbo MHEV Intense,SUV,MHEV,7-speed dual-clutch automatic,FWD,P1_EXACT_TRIM_APPLICABILITY,19,1,EXTRACTED,NONE,3,OM-SRC-MITSUBISHI-UK|OM-ART-MITSUBISHI-ASX-2026-DE,https://mitsubishi-motors.co.uk/owners/manuals-and-guides/owners-manuals/|https://www.mitsubishi-motors.de/asx/,0,3,false,false,false,0,0,0,FAMILY_SCOPED_RETAINED,false
62,1ef08e32-f145-5177-8752-2288b902ded1,Škoda,Karoq,2026,Prestige 1.5 TSI 150 DSG,SUV,GASOLINE,7-speed dual-clutch automatic,FWD,P1_EXACT_TRIM_APPLICABILITY,19,1,EXTRACTED,NONE,2,OM-SRC-SKODA-GLOBAL|OM-ART-SKODA-KAROQ-TECH-EN,https://manual.skoda-auto.com/001/en-mm/Models|https://cdn.skoda-storyboard.com/2020/11/TD-KAROQ-en.pdf,0,2,false,false,false,0,0,0,FAMILY_SCOPED_RETAINED,false
63,1fd80c4b-0a01-51e4-b3d8-b4d67552692e,Škoda,Fabia,2026,Monte Carlo 1.5 TSI 150 DSG,Hatchback,GASOLINE,7-speed dual-clutch automatic,FWD,P1_EXACT_TRIM_APPLICABILITY,19,1,EXTRACTED,NONE,2,OM-SRC-SKODA-GLOBAL|OM-ART-SKODA-FABIA-TECH-EN,https://manual.skoda-auto.com/001/en-mm/Models|https://cdn.skoda-storyboard.com/2021/06/TD-2-FABIA-petrol-en.pdf,0,2,false,false,false,0,0,0,FAMILY_SCOPED_RETAINED,false
64,200418b4-4f15-5ab6-bc4d-e7d74c8e8ac1,BMW,i5 Touring,2026,xDrive40,Hatchback,BEV,Single-speed automatic,AWD,P1_PRIMARY_SOURCE_ACCESS,18,1,ACCESS_REVIEW_REQUIRED,NONE,0,OM-SRC-BMW-USA-VIN,https://www.bmwusa.com/owners-manuals.html,0,0,false,false,false,0,0,0,RESEARCHED_INCONCLUSIVE,false
65,203746bb-3185-5723-98f9-d7a63747f98a,Renault,Kangoo Van,2026,Touch 1.5 Blue dCi 115,Panel Van,DIESEL,6-speed manual,FWD,P1_EXACT_TRIM_APPLICABILITY,18,1,EXTRACTED,NONE,3,OM-SRC-RENAULT-GUIDE|OM-ART-RENAULT-KANGOO-2025-EN,https://www.user-manual.renault.com/en|https://www.user-manual.renault.com/en/notice/20807/explore,0,3,false,false,false,0,0,0,FAMILY_SCOPED_RETAINED,false
66,21555b7b-923f-5311-af8e-c4af8494b21d,Fiat,Doblo Cargo,2026,Maxi 1.5 BlueHDi 130 6MT,Panel Van,DIESEL,6-speed manual,FWD,P1_EXACT_TRIM_APPLICABILITY,18,1,EXTRACTED,NONE,3,OM-SRC-FIAT-ELUM|OM-ART-FIAT-DOBLO-CARGO-2018-EN,https://aftersales.fiat.com/eLum/|https://aftersales.fiat.com/eLumData/EN/77/263_DOBLOCOMBICARGO2015/77_263_DOBLOCOMBICARGO2015_603.91.802_EN_01_12.18_L_LG/77_263_DOBLOCOMBICARGO2015_603.91.802_EN_01_12.18_L_LG.pdf,0,3,false,false,false,0,0,0,FAMILY_SCOPED_RETAINED,false
67,21e9ae26-4c56-5195-8d70-7c8417aadb83,Audi,A5 Avant,2026,Advanced 150 kW S tronic,Station Wagon,MHEV,7-speed dual-clutch automatic,FWD,P1_PRIMARY_SOURCE_ACCESS,19,1,ACCESS_REVIEW_REQUIRED,NONE,0,OM-SRC-AUDI-VIN,https://ownersmanual.audi.com/,0,0,false,false,false,0,0,0,RESEARCHED_INCONCLUSIVE,false
68,22758402-3136-5543-9402-2b128c1e3337,Mercedes-Benz,EQE,2026,EQE 350 4MATIC AMG,Sedan,BEV,Single-speed automatic,AWD,P1_EXACT_TRIM_APPLICABILITY,20,1,EXTRACTED,NONE,3,OM-SRC-MERCEDES-UK|OM-ART-MERCEDES-EQE-2024-EN,https://www.mercedes-benz.co.uk/passengercars/services/manuals.html|https://static.oneweb.mercedes-benz.com/css-oom-assets/en-jo/pdf/mercedes-eqe-sedan-2024-march-v295-mbux-owners-manual-1.pdf,0,3,false,false,false,0,0,0,FAMILY_SCOPED_RETAINED,false
69,22d9498d-1f46-5aac-9da9-15eb86b45d34,Nissan,Townstar EV Van,2026,45 kWh Tekna,Panel Van,BEV,Single-speed automatic,FWD,P1_EXACT_TRIM_APPLICABILITY,22,1,EXTRACTED,NONE,6,OM-SRC-NISSAN-UK|OM-ART-NISSAN-TOWNSTAR-COMBI-IE|OM-ART-NISSAN-TOWNSTAR-EV-VAN-IE|OM-ART-NISSAN-TOWNSTAR-VAN-IE,https://www.nissan.co.uk/owners/car-repair/car-owner-manual/all-manuals/iom.shtml|https://www.nissan.ie/vehicles/new-vehicles/townstar/loading-space.html|https://www.nissan.ie/vehicles/new-vehicles/townstar/electric-van.html|https://www.nissan.ie/vehicles/new-vehicles/townstar/loading-space.html,0,5,false,false,false,0,0,0,FAMILY_SCOPED_RETAINED,false
70,234b2dec-19e9-53c0-bb9d-8bf0d716b903,Ford,Explorer,2026,Premium Extended Range RWD,SUV,BEV,Single-speed automatic,RWD,P1_EXACT_TRIM_APPLICABILITY,20,1,EXTRACTED,NONE,8,OM-SRC-FORD-TR|OM-ART-FORD-EXPLORER-2025-EN-US,https://www.fordservicecontent.com/Ford_Content/vdirsnet/OwnerManual/|https://www.fordservicecontent.com/Ford_Content/Catalog/owner_information/2025_Ford_Explorer_U625_Owner_Manual_enUSA_v1.pdf,0,8,false,false,false,0,0,0,FAMILY_SCOPED_RETAINED,false
71,24097066-5ffd-5c0e-a1c0-167ea83c5c32,Citroën,Jumpy Van,2026,Panelvan L2 Standart 1.5 BlueHDi 120 6MT,Panel Van,DIESEL,6-speed manual,FWD,P1_EXACT_TRIM_APPLICABILITY,19,1,EXTRACTED,NONE,8,OM-SRC-CITROEN-SERVICE|OM-ART-CITROEN-JUMPY-SPACETOURER-2018-FR,https://service.citroen.com/ACddb/|https://service.citroen.com/ACddb/modeles/jumpy/eGuide_jumpy_jumpy3vp_ed01-18/pdfs/9999_9999_268_fr-FR.pdf,0,8,false,false,false,0,0,0,FAMILY_SCOPED_RETAINED,false
72,24418a1a-70aa-5a82-97b5-9336cc5af416,Kia,XCeed,2026,Cool 1.0 T-GDI MHEV 115 DCT,Crossover,MHEV,7-speed dual-clutch automatic,FWD,P1_EXACT_TRIM_APPLICABILITY,19,1,EXTRACTED,NONE,3,OM-SRC-KIA-ITALY|OM-ART-KIA-XCEED-2025-EN-GB,https://www.kia.com/it/service/warranty-guides/kia-owners-manual-and-guides/|https://ownersmanual.kia.com/full_webhelp/CD/2025/en_GB/toc.html,0,3,false,false,false,0,0,0,FAMILY_SCOPED_RETAINED,false
73,24a2fa45-034c-556a-ac65-e174b23c6edc,MG,MG7,2026,Luxury 1.5 Turbo,Liftback,GASOLINE,7-speed dual-clutch automatic,FWD,P1_EXACT_TRIM_APPLICABILITY,19,1,EXTRACTED,NONE,5,OM-SRC-MG-EU|OM-ART-MG-MG7-2026-EN-ME,https://www.mgmotor.eu/owners/manuals|https://media-hub-prod.mgmotor.me/manuals/MG_7_English.pdf,0,5,false,false,false,0,0,0,FAMILY_SCOPED_RETAINED,false
74,24c8aa8a-e165-56ca-b506-b949543f92ad,MG,ZS,2026,Hybrid+ Luxury,SUV,HEV,Automatic,FWD,P1_EXACT_TRIM_APPLICABILITY,19,1,EXTRACTED,NONE,4,OM-SRC-MG-EU|OM-ART-MG-ZS-ES,https://www.mgmotor.eu/owners/manuals|https://cdn.mgmotor.eu/images/hero-image/Manual-Propietario-ZS-ICE-Hybrid-ES.pdf,0,4,false,false,false,0,0,0,FAMILY_SCOPED_RETAINED,false
75,2540324f-ca59-58dd-a2cf-294493847d58,Fiat,Ulysse,2026,2.2 MultiJet 180 EAT8 8+1,Passenger Van,DIESEL,8-speed automatic,FWD,P1_EXACT_TRIM_APPLICABILITY,17,1,EXTRACTED,NONE,7,OM-SRC-FIAT-ELUM|OM-ART-FIAT-ULYSSE-2022-EN,https://aftersales.fiat.com/eLum/|https://aftersales.fiat.com/eLumData/EN/77/506_SCUDO/77_506_SCUDO_603.85.483_EN_01_01.22_L_LG/77_506_SCUDO_603.85.483_EN_01_01.22_L_LG.pdf,0,7,false,false,false,0,0,0,FAMILY_SCOPED_RETAINED,false
76,25e3b4b7-ac8b-5d82-a850-fdc96a89f8ab,Audi,Q4 Sportback e-tron,2026,45 e-tron,Fastback SUV,BEV,Single-speed automatic,FWD,P1_PRIMARY_SOURCE_ACCESS,20,1,ACCESS_REVIEW_REQUIRED,NONE,0,OM-SRC-AUDI-VIN,https://ownersmanual.audi.com/,0,0,false,false,false,0,0,0,RESEARCHED_INCONCLUSIVE,false
77,25e6e367-295a-570f-8aa8-9e6c4a63097d,Citroën,C3 Aircross Hybrid 145,2026,Max - 7 Koltuk 1.2 Hybrid 145 eDCS6,SUV,MHEV,6-speed dual-clutch automatic,FWD,P1_EXACT_TRIM_APPLICABILITY,23,1,EXTRACTED,NONE,6,OM-SRC-CITROEN-SERVICE|OM-ART-CITROEN-C3-AIRCROSS-2024-ES,https://service.citroen.com/ACddb/|https://service.citroen.com/ACddb/modeles/c3aircross.cc2eu/eGuide_cc24eu_ed01-24/pdfs/9999_9999_529_es-ES.pdf,0,6,false,false,false,0,0,0,FAMILY_SCOPED_RETAINED,false
78,26258961-7fa5-583f-8b9d-4870986daac8,Kia,Picanto,2026,Feel 1.0 67 PS AMT,Hatchback,GASOLINE,5-speed automatic (AMT),FWD,P1_EXACT_TRIM_APPLICABILITY,19,1,EXTRACTED,NONE,3,OM-SRC-KIA-ITALY|OM-ART-KIA-PICANTO-2025-EN-GB,https://www.kia.com/it/service/warranty-guides/kia-owners-manual-and-guides/|https://ownersmanual.kia.com/full_webhelp/JA/2025/en_GB/toc.html,0,3,false,false,false,0,0,0,FAMILY_SCOPED_RETAINED,false
79,2648d972-cd5a-557a-8516-7ced4ee82d6f,MINI,Cooper 5 Kapı,2026,C Favoured,Hatchback,GASOLINE,7-speed dual-clutch automatic,FWD,P1_PRIMARY_SOURCE_ACCESS,19,1,ACCESS_REVIEW_REQUIRED,NONE,0,OM-SRC-ACCESS-REVIEW-17,https://www.mini.com/en_MS/home/owners/mini-digital-manual.html,0,0,false,false,false,0,0,0,RESEARCHED_INCONCLUSIVE,false
80,264b5fce-77ce-570d-8201-47bdd4b52799,Alfa Romeo,Giulia,2024,2.0 Turbo 280 HP Competizione Q4 AT8,Sedan,GASOLINE,8-speed automatic,AWD,P1_PRIMARY_SOURCE_ACCESS,18,1,ACCESS_REVIEW_REQUIRED,NONE,0,OM-SRC-ACCESS-REVIEW-01,https://aftersales.fiat.com/eLum/,0,0,false,false,false,0,0,0,RESEARCHED_INCONCLUSIVE,false
81,26776cfc-3789-52ff-ab96-7a4342d335db,Nissan,X-Trail,2026,Designpack Mild Hybrid,SUV,MHEV,X-Tronic automatic,FWD,P1_EXACT_TRIM_APPLICABILITY,19,1,EXTRACTED,NONE,7,OM-SRC-NISSAN-UK|OM-ART-NISSAN-XTRAIL-2024-EN-IN,https://www.nissan.co.uk/owners/car-repair/car-owner-manual/all-manuals/iom.shtml|https://www-asia.nissan-cdn.net/content/dam/Nissan/in/brochures/XTRAIL-OM-Booklet-Version-02Aug24.pdf,0,7,false,false,false,0,0,0,FAMILY_SCOPED_RETAINED,false
82,26bb0efb-a452-518f-b5be-2403d1af8a3d,Citroën,ë-C3 Aircross,2026,Max 83 kW Standart Menzil,SUV,BEV,Single-speed reduction gear,FWD,P1_EXACT_TRIM_APPLICABILITY,25,1,EXTRACTED,NONE,6,OM-SRC-CITROEN-SERVICE|OM-ART-CITROEN-C3-AIRCROSS-2024-ES,https://service.citroen.com/ACddb/|https://service.citroen.com/ACddb/modeles/c3aircross.cc2eu/eGuide_cc24eu_ed01-24/pdfs/9999_9999_529_es-ES.pdf,0,6,false,false,false,0,0,0,FAMILY_SCOPED_RETAINED,false
83,26f58ed6-11b5-5442-b167-f77a452811af,BMW,i5 Sedan,2026,xDrive40,Sedan,BEV,Single-speed automatic,AWD,P1_PRIMARY_SOURCE_ACCESS,18,1,ACCESS_REVIEW_REQUIRED,NONE,0,OM-SRC-BMW-USA-VIN,https://www.bmwusa.com/owners-manuals.html,0,0,false,false,false,0,0,0,RESEARCHED_INCONCLUSIVE,false
84,270a7089-478f-5aa3-9ad1-77b6d01c8185,Volkswagen,Caravelle,2026,Life 8+1 2.0 TDI 150 DSG,Passenger Van,DIESEL,8-speed automatic,FWD,P1_PRIMARY_SOURCE_ACCESS,16,1,ACCESS_REVIEW_REQUIRED,NONE,0,OM-SRC-VW-VIN-TR,https://userguide.volkswagen.de/public/vin/login/tr_TR,0,0,false,false,false,0,0,0,RESEARCHED_INCONCLUSIVE,false
85,29172b3e-24b8-5700-9977-412ff49e8e92,Lexus,LM,2026,LM 350h 4 Koltuk,MPV,HEV,e-CVT automatic,AWD,P1_EXACT_TRIM_APPLICABILITY,19,1,EXTRACTED,NONE,1,OM-SRC-LEXUS-EU|OM-ART-LEXUS-LM-2026-ISOFIX-JA-JP-HTML,https://www.lexus.eu/owners/connected-services/manuals|https://manual.lexus.jp/lm/3088/hev/ja_JP/contents/vhch01se020402.php,0,1,false,false,false,0,0,0,FAMILY_SCOPED_RETAINED,false
86,295c42ab-f3c1-5f82-a283-318f1a511487,Volkswagen,Amarok,2026,Aventura 3.0 TDI 4Motion,Pickup,DIESEL,10-speed automatic,AWD,P1_PRIMARY_SOURCE_ACCESS,17,1,ACCESS_REVIEW_REQUIRED,NONE,0,OM-SRC-VW-VIN-TR,https://userguide.volkswagen.de/public/vin/login/tr_TR,0,0,false,false,false,0,0,0,RESEARCHED_INCONCLUSIVE,false
87,29a16738-dd92-54cb-9e27-9e0ce8724a57,Suzuki,Swift,2026,Life 1.2 MHEV CVT,Hatchback,MHEV,CVT automatic,FWD,P1_PRIMARY_SOURCE_ACCESS,19,1,ACCESS_REVIEW_REQUIRED,NONE,0,OM-SRC-ACCESS-REVIEW-22,https://cars.suzuki.co.uk/owners/,0,0,false,false,false,0,0,0,RESEARCHED_INCONCLUSIVE,false
88,29ebbe1c-319b-54ae-85a9-d008ccc48bd7,Jaguar,F-PACE,2026,P400e R-Dynamic SE AWD,SUV,PHEV,8-speed automatic,AWD,P1_EXACT_TRIM_APPLICABILITY,21,1,EXTRACTED,NONE,4,OM-SRC-JAGUAR-IGUIDE|OM-ART-JAGUAR-F-PACE-2025-WARNING-LAMPS-EN,https://www.ownerinfo.jaguar.com/|https://www.ownerinfo.jaguar.com/document/4A/2025/1720340/proc/G3342321/G4363161,0,4,false,false,false,0,0,0,FAMILY_SCOPED_RETAINED,false
89,29f6490d-e933-543f-bedd-10eb59b2871e,Toyota,Proace City Cargo,2026,Dream 1.5 D-4D 130 AT,Panel Van,DIESEL,8-speed automatic,FWD,P1_EXACT_TRIM_APPLICABILITY,17,1,EXTRACTED,NONE,19,OM-SRC-TOYOTA-TR|OM-ART-TOYOTA-PROACE-CITY-2024-TR|OM-ART-TOYOTA-PROACE-CITY-CARGO-TR,https://kullanicielkitaplari.toyota.com.tr/|https://turkiye.toyota.com.tr/Files/KILAVUZ/PROACE_CITY_CARGO/Proace_Kull.El%20Kit._OMK9L00T.pdf|https://turkiye.toyota.com.tr/Files/KILAVUZ/PROACE_CITY_CARGO/ProaceCityCargo_OMK9E06T.pdf,0,12,false,false,false,0,0,0,FAMILY_SCOPED_RETAINED,false
90,2a3b9e38-d870-5d7f-b562-247ca0d7da28,Audi,Q3 Sportback,2026,S line 35 TFSI,Fastback SUV,MHEV,7-speed dual-clutch automatic,FWD,P1_PRIMARY_SOURCE_ACCESS,19,1,ACCESS_REVIEW_REQUIRED,NONE,0,OM-SRC-AUDI-VIN,https://ownersmanual.audi.com/,0,0,false,false,false,0,0,0,RESEARCHED_INCONCLUSIVE,false
91,2ab52df8-e6d3-5c2f-ab9e-4f154f7678fc,Hyundai,TUCSON,2026,1.6 T-GDI 180 PS 4x2 DCT Elite,SUV,GASOLINE,7-speed dual-clutch automatic,FWD,P1_EXACT_TRIM_APPLICABILITY,36,1,EXTRACTED,NONE,5,OM-SRC-HYUNDAI-UK|OM-ART-HYUNDAI-TUCSON-MY25-EN-GB,https://www.hyundai.com/uk/en/owners/owning-a-hyundai/owners-manuals.html|https://dmassets.hyundai.com/is/content/hyundaiautoever/TUCSON_MY25pdf,0,5,false,false,false,0,0,0,FAMILY_SCOPED_RETAINED,false
92,2b1ae6aa-5d00-5e8d-90de-6069cef96d3b,Fiat,600,2026,La Prima Hybrid 145 eDCT,SUV,MHEV,6-speed dual-clutch automatic,FWD,P1_EXACT_TRIM_APPLICABILITY,19,1,EXTRACTED,NONE,11,OM-SRC-FIAT-ELUM|OM-ART-FIAT-600-600E-2026-EN,https://aftersales.fiat.com/eLum/|https://aftersales.fiat.com/eLumData/EN/00/365_FIAT600/00_365_FIAT600_503.04.407_EN_01_05.26_L_LG/00_365_FIAT600_503.04.407_EN_01_05.26_L_LG.pdf,0,11,false,false,false,0,0,0,FAMILY_SCOPED_RETAINED,false
93,2b251cf7-cafc-5861-a7dc-75e1df01924a,Hyundai,i20,2026,1.0 T-GDI 90PS DCT Style,Hatchback,GASOLINE,7-speed dual-clutch automatic,FWD,P1_EXACT_TRIM_APPLICABILITY,37,1,EXTRACTED,NONE,7,OM-SRC-HYUNDAI-UK|OM-ART-HYUNDAI-I20-MY25-EN-GB,https://www.hyundai.com/uk/en/owners/owning-a-hyundai/owners-manuals.html|https://dmassets.hyundai.com/is/content/hyundaiautoever/i20_MY25pdf,0,7,false,false,false,0,0,0,FAMILY_SCOPED_RETAINED,false
94,2bdf7fd7-4031-5919-9e1f-c4846499d19d,Honda,CR-V,2026,Advance 2.0 e:HEV AWD,SUV,HEV,e-CVT automatic,AWD,P1_EXACT_TRIM_APPLICABILITY,19,1,EXTRACTED,NONE,6,OM-SRC-HONDA-UK|OM-ART-HONDA-CRV-26MY-EN-GB,https://www.honda.co.uk/cars/owners/manuals-and-guides/honda-owners-manuals.html|https://www.honda.co.uk/content/dam/local/uk/cars/owners/manuals/323B8620_CR-V%20HEV%2026YM%20OM_TEXT_EN_0326_web.pdf,0,6,false,false,false,0,0,0,FAMILY_SCOPED_RETAINED,false
95,2c23b5a2-386b-5ca2-9129-869d966d6396,BMW,M5 Sedan,2026,M xDrive,Sedan,PHEV,Automatic,AWD,P1_PRIMARY_SOURCE_ACCESS,11,1,ACCESS_REVIEW_REQUIRED,NONE,0,OM-SRC-BMW-USA-VIN,https://www.bmwusa.com/owners-manuals.html,0,0,false,false,false,0,0,0,RESEARCHED_INCONCLUSIVE,false
96,2c4ac1cf-3135-55c6-b8cf-1277d1533b05,Aston Martin,Vanquish,2026,Vanquish Coupe,Coupe,GASOLINE,8-speed automatic,FWD,P1_PRIMARY_SOURCE_ACCESS,19,1,ACCESS_REVIEW_REQUIRED,NONE,0,OM-SRC-ACCESS-REVIEW-03,https://www.astonmartin.com/en/owners,0,0,false,false,false,0,0,0,RESEARCHED_INCONCLUSIVE,false
97,2c5297d7-324b-58b2-887c-482464c9985c,Citroën,Berlingo Van,2026,Van 1.5 BlueHDi 130 6MT,Panel Van,DIESEL,6-speed manual,FWD,P1_EXACT_TRIM_APPLICABILITY,19,1,EXTRACTED,NONE,5,OM-SRC-CITROEN-SERVICE|OM-ART-CITROEN-BERLINGO-K9-2019-EN,https://service.citroen.com/ACddb/|https://service.citroen.com/ACddb/modeles/berlingo.k9/eGuide_k9vp_ed01-19_dag/pdfs/9999_9999_292_en-GB.pdf,0,5,false,false,false,0,0,0,FAMILY_SCOPED_RETAINED,false
98,2cbed801-90b3-50ae-b23b-38c8874af91e,Peugeot,308,2026,Allure Hybrid 145,Hatchback,HEV,6-speed dual-clutch automatic,FWD,P1_EXACT_TRIM_APPLICABILITY,19,1,EXTRACTED,NONE,6,OM-SRC-PEUGEOT-SERVICEBOX|OM-ART-PEUGEOT-308-E308-2023-FR,https://public.servicebox.peugeot.com/APddb/|https://public.servicebox.peugeot.com/APddb/modeles/308.p5/eGuide_p512_ed01-23/pdfs/9999_9999_482_fr-FR.pdf,0,6,false,false,false,0,0,0,FAMILY_SCOPED_RETAINED,false
99,2ce25742-13d6-5229-b6fc-ce3deacfb516,Škoda,Enyaq Coupe,2026,85x e-Sportline,Fastback SUV,BEV,Single-speed automatic,AWD,P1_EXACT_TRIM_APPLICABILITY,20,1,EXTRACTED,NONE,2,OM-SRC-SKODA-GLOBAL|OM-ART-SKODA-ENYAQ-COUPE-TECH-EN,https://manual.skoda-auto.com/001/en-mm/Models|https://cdn.skoda-storyboard.com/2023/01/Technical_data_Enyaq_Coupe_iV_4%C3%974_75bb6710.pdf,0,2,false,false,false,0,0,0,FAMILY_SCOPED_RETAINED,false
100,2d666356-6c9e-5a88-9fec-b05085497088,MINI,Aceman,2026,SE Favoured,SUV,BEV,Single-speed automatic,FWD,P1_PRIMARY_SOURCE_ACCESS,20,1,ACCESS_REVIEW_REQUIRED,NONE,0,OM-SRC-ACCESS-REVIEW-17,https://www.mini.com/en_MS/home/owners/mini-digital-manual.html,0,0,false,false,false,0,0,0,RESEARCHED_INCONCLUSIVE,false
101,2e83b3e7-2bca-5aaf-b678-e1c2e55dedef,Isuzu,NLR,2026,Şasi Kamyonet Klimalı,Chassis Cab,DIESEL,6-speed manual,FWD,P1_PRIMARY_SOURCE_ACCESS,17,1,ACCESS_REVIEW_REQUIRED,NONE,0,OM-SRC-ACCESS-REVIEW-10,https://www.isuzu.com.tr/,0,0,false,false,false,0,0,0,RESEARCHED_INCONCLUSIVE,false
102,2eb2a3eb-356d-5f10-9eff-ce622b7f2e25,SEAT,Arona,2026,FR 1.5 EcoTSI 150 DSG,SUV,GASOLINE,7-speed dual-clutch automatic,FWD,P1_EXACT_TRIM_APPLICABILITY,19,1,EXTRACTED,NONE,9,OM-SRC-SEAT-GLOBAL|OM-ART-SEAT-ARONA-2022-EN,https://www.seat.com/owners/about-my-car/manuals|https://www.seat.com/datamanual-manual/arona/my23_w45/en-uk/ARONA_11_22_EN.pdf,0,9,false,false,false,0,0,0,FAMILY_SCOPED_RETAINED,false
103,2f2bcd17-2257-52ff-b01a-49753b02a151,BYD,SEALION 7,2025,Excellence,SUV,BEV,Single-speed automatic,AWD,P1_EXACT_TRIM_APPLICABILITY,20,1,EXTRACTED,NONE,13,OM-SRC-BYD-EU|OM-ART-BYD-SEAL-TR|OM-ART-BYD-SEALION7-TR,https://www.byd.com/eu/service-maintenance/owners-manual|https://www.byd.com/material/byd-site/eu/support/service/manual/20250219/BYD%20SEAL%20Kullan%C4%B1m%20K%C4%B1lavuzu-Soldan%20Direksiyon-TR.pdf|https://www.byd.com/material/sealion-7/BYD%20SEALION%207%20Kullan%C4%B1m%20K%C4%B1lavuzu-Soldan%20Direksiyon-20260306-TR.pdf,0,7,false,false,false,0,0,0,FAMILY_SCOPED_RETAINED,false
104,310b319d-d70b-5663-83f0-3d66912f251a,Hyundai,TUCSON,2026,1.6 T-GDI 180 PS 4x2 DCT Prime,SUV,GASOLINE,7-speed dual-clutch automatic,FWD,P1_EXACT_TRIM_APPLICABILITY,36,1,EXTRACTED,NONE,5,OM-SRC-HYUNDAI-UK|OM-ART-HYUNDAI-TUCSON-MY25-EN-GB,https://www.hyundai.com/uk/en/owners/owning-a-hyundai/owners-manuals.html|https://dmassets.hyundai.com/is/content/hyundaiautoever/TUCSON_MY25pdf,0,5,false,false,false,0,0,0,FAMILY_SCOPED_RETAINED,false
105,319266b4-797b-5bf9-8f19-1cdcfb37e377,Volkswagen,ID.4,2026,Pure 125 kW,SUV,BEV,Single-speed automatic,FWD,P1_PRIMARY_SOURCE_ACCESS,20,1,ACCESS_REVIEW_REQUIRED,NONE,0,OM-SRC-VW-VIN-TR,https://userguide.volkswagen.de/public/vin/login/tr_TR,0,0,false,false,false,0,0,0,RESEARCHED_INCONCLUSIVE,false
106,32874439-bb6b-5ddf-ba88-6a57593dec22,Rolls-Royce,Ghost Extended,2026,Extended,Sedan,GASOLINE,8-speed automatic,AWD,P1_PRIMARY_SOURCE_ACCESS,19,1,ACCESS_REVIEW_REQUIRED,NONE,0,OM-SRC-ACCESS-REVIEW-20,https://www.rolls-roycemotorcars.com/en_GB/ownership.html,0,0,false,false,false,0,0,0,RESEARCHED_INCONCLUSIVE,false
107,337a42c2-5fbc-5004-a2e5-128212201373,BMW,4 Serisi Gran Coupe,2026,420i,Coupe,GASOLINE,Automatic,RWD,P1_PRIMARY_SOURCE_ACCESS,11,1,ACCESS_REVIEW_REQUIRED,NONE,0,OM-SRC-BMW-USA-VIN,https://www.bmwusa.com/owners-manuals.html,0,0,false,false,false,0,0,0,RESEARCHED_INCONCLUSIVE,false
108,35a63f96-c05b-5d9c-8f9e-f427461dbfc4,Alpine,A290,2026,GT Performance,Hatchback,BEV,Single-speed automatic,FWD,P1_PRIMARY_SOURCE_ACCESS,28,2,ACCESS_REVIEW_REQUIRED,NONE,0,OM-SRC-ACCESS-REVIEW-02,https://www.alpinecars.com/,0,0,false,false,false,0,0,0,RESEARCHED_INCONCLUSIVE,false
109,35b1be4a-4c3c-5757-bd8c-0ea30d0a6c6b,Mercedes-Benz,C-Serisi,2026,C 200 4MATIC AMG,Sedan,MHEV,9-speed automatic,AWD,P1_EXACT_TRIM_APPLICABILITY,19,1,EXTRACTED,NONE,2,OM-SRC-MERCEDES-UK|OM-ART-MERCEDES-C-CLASS-2024-EN-CA,https://www.mercedes-benz.co.uk/passengercars/services/manuals.html|https://static.oneweb.mercedes-benz.com/css-oom-assets/en-ca/pdf/mercedes-c-class-sedan-2024-february-w206-mbux-operators-manual-2.pdf,0,2,false,false,false,0,0,0,FAMILY_SCOPED_RETAINED,false
110,35b60c29-a27c-50b2-9de7-fc166e2798be,BMW,X1,2026,xDrive25e,SUV,PHEV,Automatic,AWD,P1_PRIMARY_SOURCE_ACCESS,11,1,ACCESS_REVIEW_REQUIRED,NONE,0,OM-SRC-BMW-USA-VIN,https://www.bmwusa.com/owners-manuals.html,0,0,false,false,false,0,0,0,RESEARCHED_INCONCLUSIVE,false
111,36203720-2a3e-55b8-a758-660e46e33297,Peugeot,2008,2026,GT Hybrid 145,SUV,HEV,6-speed dual-clutch automatic,FWD,P1_EXACT_TRIM_APPLICABILITY,19,1,EXTRACTED,NONE,8,OM-SRC-PEUGEOT-SERVICEBOX|OM-ART-PEUGEOT-2008-2025-EN,https://public.servicebox.peugeot.com/APddb/|https://public.servicebox.peugeot.com/APddb/modeles/2008.p2/p24/ed05-25/en_us/P2008BO2505en-1.pdf,0,8,false,false,false,0,0,0,FAMILY_SCOPED_RETAINED,false
112,36416139-c04d-5d39-bc45-fdd7b4982b33,Kia,Niro EV,2026,Elegance 64.8 kWh,SUV,BEV,Single-speed automatic,FWD,P1_EXACT_TRIM_APPLICABILITY,20,1,EXTRACTED,NONE,5,OM-SRC-KIA-ITALY|OM-ART-KIA-NIRO-2025-EN-GB,https://www.kia.com/it/service/warranty-guides/kia-owners-manual-and-guides/|https://ownersmanual.kia.com/full_webhelp/SG2/2025/en_GB/toc.html,0,5,false,false,false,0,0,0,FAMILY_SCOPED_RETAINED,false
113,37db0e26-4af1-555e-89b7-f41747577bac,Peugeot,E-208,2026,GT 100 kW,Hatchback,BEV,Single-speed automatic,FWD,P1_EXACT_TRIM_APPLICABILITY,20,1,EXTRACTED,NONE,7,OM-SRC-PEUGEOT-SERVICEBOX|OM-ART-PEUGEOT-208-E208-2023-EN-GB,https://public.servicebox.peugeot.com/APddb/|https://public.servicebox.peugeot.com/APddb/modeles/208.p2/eGuide_p21_ed01-23/pdfs/9999_9999_494_en-GB.pdf,0,7,false,false,false,0,0,0,FAMILY_SCOPED_RETAINED,false
114,381a247a-d998-59dd-abff-768a17a1a6c5,Citroën,Berlingo Van,2026,Van 1.5 BlueHDi 130 EAT8,Panel Van,DIESEL,8-speed automatic,FWD,P1_EXACT_TRIM_APPLICABILITY,19,1,EXTRACTED,NONE,5,OM-SRC-CITROEN-SERVICE|OM-ART-CITROEN-BERLINGO-K9-2019-EN,https://service.citroen.com/ACddb/|https://service.citroen.com/ACddb/modeles/berlingo.k9/eGuide_k9vp_ed01-19_dag/pdfs/9999_9999_292_en-GB.pdf,0,5,false,false,false,0,0,0,FAMILY_SCOPED_RETAINED,false
115,383485ef-1654-53d7-b910-387a48638995,DS Automobiles,N°8,2026,Long Range FWD,Fastback SUV,BEV,Single-speed automatic,FWD,P1_PRIMARY_SOURCE_ACCESS,20,1,ACCESS_REVIEW_REQUIRED,NONE,0,OM-SRC-ACCESS-REVIEW-07,https://service.dsautomobiles.com/,0,0,false,false,false,0,0,0,RESEARCHED_INCONCLUSIVE,false
116,387178c4-1e42-5027-a777-121493f5b0ec,Ford,E-Transit Custom,2026,Trend 64 kWh,Panel Van,BEV,Single-speed automatic,FWD,P1_EXACT_TRIM_APPLICABILITY,22,1,EXTRACTED,NONE,19,OM-SRC-FORD-TR|OM-ART-FORD-TRANSIT-2026-EN-AUS|OM-ART-FORD-TRANSIT-CUSTOM-2026-EN-GB,https://www.fordservicecontent.com/Ford_Content/vdirsnet/OwnerManual/|https://www.fordservicecontent.com/Ford_Content/Catalog/owner_information/CG3797en-202509-20250922100228.pdf|https://www.fordservicecontent.com/Ford_Content/Catalog/owner_information/CG3964en-202509-20250910123628.pdf,0,12,false,false,false,0,0,0,FAMILY_SCOPED_RETAINED,false
117,39708cbb-23b8-50f4-916e-9604f7afd35a,Volkswagen,Passat,2026,Elegance 1.5 eTSI 150 DSG,Station Wagon,MHEV,7-speed dual-clutch automatic,FWD,P1_PRIMARY_SOURCE_ACCESS,19,1,ACCESS_REVIEW_REQUIRED,NONE,0,OM-SRC-VW-VIN-TR,https://userguide.volkswagen.de/public/vin/login/tr_TR,0,0,false,false,false,0,0,0,RESEARCHED_INCONCLUSIVE,false
118,397524e9-65ad-589c-9fb9-1edd070e1b3f,Ferrari,296 GTS,2026,3.0 V6 PHEV DCT,Convertible,PHEV,8-speed dual-clutch automatic,RWD,P1_PRIMARY_SOURCE_ACCESS,18,1,ACCESS_REVIEW_REQUIRED,NONE,0,OM-SRC-ACCESS-REVIEW-08,https://www.ferrari.com/en-EN/auto/owners,0,0,false,false,false,0,0,0,RESEARCHED_INCONCLUSIVE,false
119,39761164-4352-53b0-83bb-b075e59c19c6,DS Automobiles,N°4,2026,Pallas BlueHDi 130 EAT8,Hatchback,DIESEL,8-speed automatic,FWD,P1_PRIMARY_SOURCE_ACCESS,19,1,ACCESS_REVIEW_REQUIRED,NONE,0,OM-SRC-ACCESS-REVIEW-07,https://service.dsautomobiles.com/,0,0,false,false,false,0,0,0,RESEARCHED_INCONCLUSIVE,false
120,39c8664a-0cd5-5b5b-824c-f5bbf53379df,Bentley,Bentayga EWB,2026,Azure V8,SUV,GASOLINE,8-speed automatic,AWD,P1_PRIMARY_SOURCE_ACCESS,19,1,ACCESS_REVIEW_REQUIRED,NONE,0,OM-SRC-ACCESS-REVIEW-04,https://www.bentleymotors.com/en/your-bentley.html,0,0,false,false,false,0,0,0,RESEARCHED_INCONCLUSIVE,false
121,39d6fada-9497-586a-9c64-d1035fb41edd,Peugeot,3008,2026,Allure Hybrid 145,Fastback SUV,HEV,6-speed dual-clutch automatic,FWD,P1_EXACT_TRIM_APPLICABILITY,19,1,EXTRACTED,NONE,7,OM-SRC-PEUGEOT-SERVICEBOX|OM-ART-PEUGEOT-3008-5008-2024-EN-GB,https://public.servicebox.peugeot.com/APddb/|https://public.servicebox.peugeot.com/APddb/modeles/3008.p6/eGuide_p64_ed01-24_dag/pdfs/9999_9999_527_en-GB.pdf,0,7,false,false,false,0,0,0,FAMILY_SCOPED_RETAINED,false
122,39e5a91a-8fc3-5c30-8180-d7812b8af198,Hyundai,IONIQ 5 N,2025,448 kW 4x4 N,SUV,BEV,Single-speed reduction gear,AWD,P1_EXACT_TRIM_APPLICABILITY,37,1,EXTRACTED,NONE,14,OM-SRC-HYUNDAI-UK|OM-ART-HYUNDAI-IONIQ5-MY25-EN-GB|OM-ART-HYUNDAI-IONIQ5N-MY25-EN-GB,https://www.hyundai.com/uk/en/owners/owning-a-hyundai/owners-manuals.html|https://dmassets.hyundai.com/is/content/hyundaiautoever/IONIQ_5_PE_MY25pdf|https://dmassets.hyundai.com/is/content/hyundaiautoever/IONIQ_5N_MY25pdf,0,7,false,false,false,0,0,0,FAMILY_SCOPED_RETAINED,false
123,3a059742-1e6e-5b25-b213-a4869bdee5f0,Citroën,ë-C3,2026,Plus 83 kW,Hatchback,BEV,Single-speed reduction gear,FWD,P1_EXACT_TRIM_APPLICABILITY,25,1,EXTRACTED,NONE,11,OM-SRC-CITROEN-SERVICE|OM-ART-CITROEN-C3-AIRCROSS-2024-ES|OM-ART-CITROEN-C3-EC3-2024-IT,https://service.citroen.com/ACddb/|https://service.citroen.com/ACddb/modeles/c3aircross.cc2eu/eGuide_cc24eu_ed01-24/pdfs/9999_9999_529_es-ES.pdf|https://service.citroen.com/ACddb/modeles/c3.cc2eu/eGuide_cc21eu_ed01-24/pdfs/9999_9999_525_it-IT.pdf,0,6,false,false,false,0,0,0,FAMILY_SCOPED_RETAINED,false
124,3aaa9f05-0b9d-58b0-acc1-31fe686b92b5,Opel,Mokka,2026,GS Hybrid 145,SUV,HEV,6-speed dual-clutch automatic,FWD,P1_EXACT_TRIM_APPLICABILITY,19,1,EXTRACTED,NONE,9,OM-SRC-OPEL-TR|OM-ART-OPEL-MOKKA-B-2025-CA,https://www.opel.com.tr/owners/manuals.html|https://public-servicebox.opel.com/OVddb/OV/ca_ES/Mokka_B/2021_2025/2025_10/manual_user/OMOKKBO2510ca-1_online.pdf,0,9,false,false,false,0,0,0,FAMILY_SCOPED_RETAINED,false
125,3b15a64a-7afd-55cf-a799-10d65de101c1,Aston Martin,DB12,2026,DB12 Coupe,Coupe,GASOLINE,8-speed automatic,FWD,P1_PRIMARY_SOURCE_ACCESS,19,1,ACCESS_REVIEW_REQUIRED,NONE,0,OM-SRC-ACCESS-REVIEW-03,https://www.astonmartin.com/en/owners,0,0,false,false,false,0,0,0,RESEARCHED_INCONCLUSIVE,false
126,3b7cdae8-9426-5b9f-aa07-78e0407a406a,Mercedes-Benz,A-Serisi,2026,A 200 AMG,Hatchback,MHEV,7-speed dual-clutch automatic,FWD,P1_EXACT_TRIM_APPLICABILITY,19,1,EXTRACTED,NONE,3,OM-SRC-MERCEDES-UK|OM-ART-MERCEDES-A-CLASS-2024-EN,https://www.mercedes-benz.co.uk/passengercars/services/manuals.html|https://static.oneweb.mercedes-benz.com/css-oom-assets/en-du/pdf/mercedes-a-class-saloon-2024-april-v177-mbux-owners-manual-1.pdf,0,3,false,false,false,0,0,0,FAMILY_SCOPED_RETAINED,false
127,3bb22c59-4d34-58f6-80d0-9365943607de,Dacia,Sandero,2026,essential TCe 100 6MT,Hatchback,GASOLINE,6-speed manual,FWD,P1_EXACT_TRIM_APPLICABILITY,19,1,EXTRACTED,NONE,4,OM-SRC-DACIA-GLOBAL|OM-ART-DACIA-SANDERO-PH2-EN,https://www.user-manual.dacia.com/en|https://www.user-manual.dacia.com/sites/dacia/files/Sandero_2_Ph2_-_1232-11_ENG.pdf,0,4,false,false,false,0,0,0,FAMILY_SCOPED_RETAINED,false
128,3d55a336-784c-58c2-9d5e-6ce1ad530c99,Nissan,Townstar Van,2026,1.3 DIG-T Tekna,Panel Van,GASOLINE,6-speed manual,FWD,P1_EXACT_TRIM_APPLICABILITY,18,1,EXTRACTED,NONE,6,OM-SRC-NISSAN-UK|OM-ART-NISSAN-TOWNSTAR-COMBI-IE|OM-ART-NISSAN-TOWNSTAR-EV-VAN-IE|OM-ART-NISSAN-TOWNSTAR-VAN-IE,https://www.nissan.co.uk/owners/car-repair/car-owner-manual/all-manuals/iom.shtml|https://www.nissan.ie/vehicles/new-vehicles/townstar/loading-space.html|https://www.nissan.ie/vehicles/new-vehicles/townstar/electric-van.html|https://www.nissan.ie/vehicles/new-vehicles/townstar/loading-space.html,0,5,false,false,false,0,0,0,FAMILY_SCOPED_RETAINED,false
129,3d8f15a1-ad4c-53df-a9be-b584330754d1,Peugeot,E-Partner,2026,Long 50 kWh,Panel Van,BEV,Single-speed automatic,FWD,P1_EXACT_TRIM_APPLICABILITY,21,1,EXTRACTED,NONE,5,OM-SRC-PEUGEOT-SERVICEBOX|OM-ART-PEUGEOT-PARTNER-K9-2021-EN,https://public.servicebox.peugeot.com/APddb/|https://public.servicebox.peugeot.com/APddb/modeles/partner.k9/eGuide_k9vu_ed01-21/pdfs/9999_9999_390_en-GB.pdf,0,5,false,false,false,0,0,0,FAMILY_SCOPED_RETAINED,false
130,3d9edbae-0e2c-5a7e-adc2-28ab19cf629e,Porsche,Cayenne,2026,Cayenne,SUV,GASOLINE,8-speed automatic,AWD,P1_PRIMARY_SOURCE_ACCESS,19,1,ACCESS_REVIEW_REQUIRED,NONE,0,OM-SRC-ACCESS-REVIEW-19,https://manual.porsche.com/,0,0,false,false,false,0,0,0,RESEARCHED_INCONCLUSIVE,false
131,3dbac626-c314-5228-9387-01376266d40f,MINI,Countryman,2026,C Favoured,SUV,MHEV,7-speed dual-clutch automatic,FWD,P1_PRIMARY_SOURCE_ACCESS,19,1,ACCESS_REVIEW_REQUIRED,NONE,0,OM-SRC-ACCESS-REVIEW-17,https://www.mini.com/en_MS/home/owners/mini-digital-manual.html,0,0,false,false,false,0,0,0,RESEARCHED_INCONCLUSIVE,false
132,3dffdcc9-7f98-54c6-a927-0862ed0e5788,Fiat,Doblo,2026,e-Doblo Combi 50 kWh,MPV,BEV,Single-speed automatic,FWD,P1_EXACT_TRIM_APPLICABILITY,20,1,EXTRACTED,NONE,3,OM-SRC-FIAT-ELUM|OM-ART-FIAT-DOBLO-2018-EN,https://aftersales.fiat.com/eLum/|https://aftersales.fiat.com/eLumData/EN/77/263_DOBLOCOMBICARGO2015/77_263_DOBLOCOMBICARGO2015_603.91.802_EN_01_12.18_L_LG/77_263_DOBLOCOMBICARGO2015_603.91.802_EN_01_12.18_L_LG.pdf,0,3,false,false,false,0,0,0,FAMILY_SCOPED_RETAINED,false
133,3e17af93-49ca-52c2-8455-e6e1274cd926,Lexus,LBX,2026,Elegant 1.5 Hybrid e-CVT,SUV,HEV,e-CVT automatic,FWD,P1_EXACT_TRIM_APPLICABILITY,19,1,EXTRACTED,NONE,1,OM-SRC-LEXUS-EU|OM-ART-LEXUS-LBX-2026-ISOFIX-JA-JP-HTML,https://www.lexus.eu/owners/connected-services/manuals|https://manual.lexus.jp/lbx/3091/cv/ja_JP/contents/vhch01se020402.php,0,1,false,false,false,0,0,0,FAMILY_SCOPED_RETAINED,false
134,3e8797c3-22df-5e73-ae16-10488d98bd38,Mercedes-Benz,GLB,2026,GLB 200 AMG,SUV,MHEV,7-speed dual-clutch automatic,FWD,P1_EXACT_TRIM_APPLICABILITY,19,1,EXTRACTED,NONE,3,OM-SRC-MERCEDES-UK|OM-ART-MERCEDES-GLB-2024-EN,https://www.mercedes-benz.co.uk/passengercars/services/manuals.html|https://static.oneweb.mercedes-benz.com/css-oom-assets/en-lk/pdf/mercedes-glb-suv-2024-april-x247-mbux-owners-manual-1.pdf,0,3,false,false,false,0,0,0,FAMILY_SCOPED_RETAINED,false
135,3eb828e1-c50b-5a55-88dd-691093d539a2,Ford,E-Tourneo Courier,2026,Active 43 kWh,MPV,BEV,Single-speed automatic,FWD,P1_EXACT_TRIM_APPLICABILITY,20,1,EXTRACTED,NONE,2,OM-SRC-FORD-TR|OM-ART-FORD-E-COURIER-2026-CHARGING-ES-HTML,https://www.fordservicecontent.com/Ford_Content/vdirsnet/OwnerManual/|https://www.fordservicecontent.com/Ford_Content/vdirsnet/OwnerManual/Home/Content?ProcUid=G2420491&Uid=G2407071&buildtype=web&countryCode=ESP&div=f&languageCode=es&moidRef=G2355816&userMarket=USA&vFilteringEnabled=False&variantid=10025,0,2,false,false,false,0,0,0,FAMILY_SCOPED_RETAINED,false
136,401a3055-c017-5cf6-a091-beeb6c9cceb3,Peugeot,5008,2026,Allure Hybrid 145,SUV,HEV,6-speed dual-clutch automatic,FWD,P1_EXACT_TRIM_APPLICABILITY,19,1,EXTRACTED,NONE,7,OM-SRC-PEUGEOT-SERVICEBOX|OM-ART-PEUGEOT-3008-5008-2024-EN-GB,https://public.servicebox.peugeot.com/APddb/|https://public.servicebox.peugeot.com/APddb/modeles/3008.p6/eGuide_p64_ed01-24_dag/pdfs/9999_9999_527_en-GB.pdf,0,7,false,false,false,0,0,0,FAMILY_SCOPED_RETAINED,false
137,4058c7d0-a19f-5a94-8d47-c9e0eac36f8a,Renault,Trafic Panelvan,2026,L2H1 2.0 Blue dCi 150,Panel Van,DIESEL,6-speed manual,FWD,P1_EXACT_TRIM_APPLICABILITY,18,1,EXTRACTED,NONE,8,OM-SRC-RENAULT-GUIDE|OM-ART-RENAULT-TRAFIC-PH2-EN,https://www.user-manual.renault.com/en|https://www.user-manual.renault.com/sites/renault/files/Trafic_3_ph2_-_1374-9_ENG.pdf,0,8,false,false,false,0,0,0,FAMILY_SCOPED_RETAINED,false
138,4175067f-05fd-59ce-979d-75f1aa160cee,Mercedes-Benz,G-Serisi Electric,2026,G 580 with EQ Technology,SUV,BEV,Single-speed automatic,AWD,P1_EXACT_TRIM_APPLICABILITY,20,1,EXTRACTED,NONE,6,OM-SRC-MERCEDES-UK|OM-ART-MERCEDES-G-CLASS-ELECTRIC-2024-EN|OM-ART-MERCEDES-G-CLASS-ICE-2024-EN-CA,https://www.mercedes-benz.co.uk/passengercars/services/manuals.html|https://static.oneweb.mercedes-benz.com/css-oom-assets/en-bh/pdf/mercedes-g-class-suv-2024-september-e465-mbux-owners-manual-1.pdf|https://static.oneweb.mercedes-benz.com/css-oom-assets/en-ca/pdf/mercedes-g-class-suv-2024-september-w465-mbux-operators-manual-1.pdf,0,4,false,false,false,0,0,0,FAMILY_SCOPED_RETAINED,false
139,42253743-ec64-52ed-8f72-c69af3030c2f,Porsche,Cayenne Coupe,2026,Coupe E-Hybrid,Fastback SUV,PHEV,8-speed automatic,AWD,P1_PRIMARY_SOURCE_ACCESS,19,1,ACCESS_REVIEW_REQUIRED,NONE,0,OM-SRC-ACCESS-REVIEW-19,https://manual.porsche.com/,0,0,false,false,false,0,0,0,RESEARCHED_INCONCLUSIVE,false
140,43175d0e-3667-5e76-ae83-ebd56173495e,Alpine,A390,2026,GT,SUV,BEV,Single-speed automatic,AWD,P1_PRIMARY_SOURCE_ACCESS,29,1,ACCESS_REVIEW_REQUIRED,NONE,0,OM-SRC-ACCESS-REVIEW-02,https://www.alpinecars.com/,0,0,false,false,false,0,0,0,RESEARCHED_INCONCLUSIVE,false
141,43d41d3c-9810-5599-8d84-e0848fdf0ed3,Volvo,XC90,2026,B5 Ultra,SUV,MHEV,8-speed automatic,AWD,P1_EXACT_TRIM_APPLICABILITY,19,1,EXTRACTED,NONE,2,OM-SRC-VOLVO-UK|OM-ART-VOLVO-XC90-2021-SAFETY-NET-EN-UK-HTML,https://www.volvocars.com/uk/support/car/|https://www.volvocars.com/uk/support/car/xc90/21w22/article/6da7ea45a27bb840c0a801514b9671de/,0,2,false,false,false,0,0,0,FAMILY_SCOPED_RETAINED,false
142,443c0d98-fa0e-5466-b7f8-85372511f366,Citroën,C3 Aircross Hybrid 145,2026,Collection 1.2 Hybrid 145 eDCS6,SUV,MHEV,6-speed dual-clutch automatic,FWD,P1_EXACT_TRIM_APPLICABILITY,23,1,EXTRACTED,NONE,6,OM-SRC-CITROEN-SERVICE|OM-ART-CITROEN-C3-AIRCROSS-2024-ES,https://service.citroen.com/ACddb/|https://service.citroen.com/ACddb/modeles/c3aircross.cc2eu/eGuide_cc24eu_ed01-24/pdfs/9999_9999_529_es-ES.pdf,0,6,false,false,false,0,0,0,FAMILY_SCOPED_RETAINED,false
143,46680fd4-5a3f-5979-847c-63a8a2e0d4aa,DS Automobiles,N°4,2026,Étoile BlueHDi 130 EAT8,Hatchback,DIESEL,8-speed automatic,FWD,P1_PRIMARY_SOURCE_ACCESS,19,1,ACCESS_REVIEW_REQUIRED,NONE,0,OM-SRC-ACCESS-REVIEW-07,https://service.dsautomobiles.com/,0,0,false,false,false,0,0,0,RESEARCHED_INCONCLUSIVE,false
144,46dfab1f-98d5-56d0-9261-91e51b4c3fbf,Renault,Rafale,2026,Atelier Alpine E-Tech 4x4 300,Fastback SUV,PHEV,Automatic,AWD,P1_EXACT_TRIM_APPLICABILITY,21,1,EXTRACTED,NONE,6,OM-SRC-RENAULT-GUIDE|OM-ART-RENAULT-RAFALE-2025-EN,https://www.user-manual.renault.com/en|https://www.user-manual.renault.com/en/notice/14420/explore,0,6,false,false,false,0,0,0,FAMILY_SCOPED_RETAINED,false
145,46e5c2e9-5f18-5637-a816-8158e30a6fae,Mercedes-Benz,GLS,2026,GLS 450 d 4MATIC AMG,SUV,MHEV,9-speed automatic,AWD,P1_EXACT_TRIM_APPLICABILITY,19,1,EXTRACTED,NONE,3,OM-SRC-MERCEDES-UK|OM-ART-MERCEDES-GLS-2024-EN-CA,https://www.mercedes-benz.co.uk/passengercars/services/manuals.html|https://www.mercedes-benz.ca/content/dam/mb-nafta/ca/owners/operators-manual/2024/GLSSUV_167_MY24_ENG.pdf,0,3,false,false,false,0,0,0,FAMILY_SCOPED_RETAINED,false
146,47edc5fe-698b-56c2-b1b3-def510ed4341,Škoda,Elroq,2026,60 e-Prestige,SUV,BEV,Single-speed automatic,FWD,P1_EXACT_TRIM_APPLICABILITY,20,1,EXTRACTED,NONE,2,OM-SRC-SKODA-GLOBAL|OM-ART-SKODA-ELROQ-TECH-EN,https://manual.skoda-auto.com/001/en-mm/Models|https://cdn.skoda-storyboard.com/2025/06/Skoda_Elroq_Technical_data_d5686460.pdf,0,2,false,false,false,0,0,0,FAMILY_SCOPED_RETAINED,false
147,485f6799-476e-57e5-9f52-98f3ffd37c56,Lamborghini,Urus SE,2026,4.0 V8 PHEV AWD,SUV,PHEV,8-speed automatic,AWD,P1_PRIMARY_SOURCE_ACCESS,19,1,ACCESS_REVIEW_REQUIRED,NONE,0,OM-SRC-ACCESS-REVIEW-14,https://www.lamborghini.com/en-en/ownership,0,0,false,false,false,0,0,0,RESEARCHED_INCONCLUSIVE,false
148,48c92767-7215-570e-b31f-3f5f72072bb2,Peugeot,408,2026,GT Hybrid 145,Liftback,HEV,6-speed dual-clutch automatic,FWD,P1_EXACT_TRIM_APPLICABILITY,19,1,EXTRACTED,NONE,8,OM-SRC-PEUGEOT-SERVICEBOX|OM-ART-PEUGEOT-408-2026-EN,https://public.servicebox.peugeot.com/APddb/|https://public.servicebox.peugeot.com/APddb/modeles/408.p5/p54/ed02-26/en_us/P0408AO2602en-1_preview.pdf,0,8,false,false,false,0,0,0,FAMILY_SCOPED_RETAINED,false
149,492d30ba-0f56-5dc7-af01-a48bc69f0af0,BMW,X6 M,2026,Competition,SUV,MHEV,Automatic,AWD,P1_PRIMARY_SOURCE_ACCESS,11,1,ACCESS_REVIEW_REQUIRED,NONE,0,OM-SRC-BMW-USA-VIN,https://www.bmwusa.com/owners-manuals.html,0,0,false,false,false,0,0,0,RESEARCHED_INCONCLUSIVE,false
150,4a00c02f-5b26-5610-9bd5-9e866224cb49,Land Rover,Discovery Sport,2026,Dynamic SE D200 7 Koltuk,SUV,MHEV,9-speed automatic,AWD,P1_EXACT_TRIM_APPLICABILITY,19,1,EXTRACTED,NONE,2,OM-SRC-LAND-ROVER-IGUIDE|OM-ART-LAND-ROVER-DISCOVERY-2024-SPEED-LIMITER-PT|OM-ART-LAND-ROVER-DISCOVERY-SPORT-2024-INTERIOR-LIGHTS-EN,https://www.ownerinfo.landrover.com/|https://www.ownerinfo.landrover.com/document/3D/2024/1697674/proc/G2546927/G3349174|https://www.ownerinfo.landrover.com/document/3A/2024/1706838/proc/G3425607/G3384674,0,2,false,false,false,0,0,0,FAMILY_SCOPED_RETAINED,false
151,4a3d2e28-e993-5c53-830b-198d10c5df61,Volkswagen,Taigo,2026,Style 1.0 TSI 116 DSG,Fastback SUV,GASOLINE,7-speed dual-clutch automatic,FWD,P1_PRIMARY_SOURCE_ACCESS,19,1,ACCESS_REVIEW_REQUIRED,NONE,0,OM-SRC-VW-VIN-TR,https://userguide.volkswagen.de/public/vin/login/tr_TR,0,0,false,false,false,0,0,0,RESEARCHED_INCONCLUSIVE,false
152,4aa32908-ee8a-53e0-b1e9-d2118cbcf6d0,BMW,Yeni iX,2026,xDrive60,SUV,BEV,Single-speed automatic,AWD,P1_PRIMARY_SOURCE_ACCESS,18,1,ACCESS_REVIEW_REQUIRED,NONE,0,OM-SRC-BMW-USA-VIN,https://www.bmwusa.com/owners-manuals.html,0,0,false,false,false,0,0,0,RESEARCHED_INCONCLUSIVE,false
153,4adaf7fe-9c58-5bc2-a346-9ff94d0641f5,Nissan,Townstar Combi,2026,Tekna EV 45 kWh,Passenger Van,BEV,Single-speed automatic,FWD,P1_EXACT_TRIM_APPLICABILITY,20,1,EXTRACTED,NONE,6,OM-SRC-NISSAN-UK|OM-ART-NISSAN-TOWNSTAR-COMBI-IE|OM-ART-NISSAN-TOWNSTAR-EV-VAN-IE|OM-ART-NISSAN-TOWNSTAR-VAN-IE,https://www.nissan.co.uk/owners/car-repair/car-owner-manual/all-manuals/iom.shtml|https://www.nissan.ie/vehicles/new-vehicles/townstar/loading-space.html|https://www.nissan.ie/vehicles/new-vehicles/townstar/electric-van.html|https://www.nissan.ie/vehicles/new-vehicles/townstar/loading-space.html,0,5,false,false,false,0,0,0,FAMILY_SCOPED_RETAINED,false
154,4ae4ae67-8829-5903-a4bc-5ee832a2a0af,Porsche,Macan,2026,Turbo Electric,SUV,BEV,Single-speed automatic,AWD,P1_PRIMARY_SOURCE_ACCESS,20,1,ACCESS_REVIEW_REQUIRED,NONE,0,OM-SRC-ACCESS-REVIEW-19,https://manual.porsche.com/,0,0,false,false,false,0,0,0,RESEARCHED_INCONCLUSIVE,false
155,4babaf68-a7f0-5e01-91af-d5163aa86d98,Isuzu,D-Max,2026,V-Life 4x4 AT,Pickup,DIESEL,6-speed automatic,AWD,P1_PRIMARY_SOURCE_ACCESS,17,1,ACCESS_REVIEW_REQUIRED,NONE,0,OM-SRC-ACCESS-REVIEW-10,https://www.isuzu.com.tr/,0,0,false,false,false,0,0,0,RESEARCHED_INCONCLUSIVE,false
156,4bf5f254-6feb-5469-8373-83c203ad9c8e,Mercedes-Benz,GLC,2026,GLC 180 AMG,SUV,MHEV,9-speed automatic,AWD,P1_EXACT_TRIM_APPLICABILITY,19,1,EXTRACTED,NONE,3,OM-SRC-MERCEDES-UK|OM-ART-MERCEDES-GLC-2024-EN,https://www.mercedes-benz.co.uk/passengercars/services/manuals.html|https://static.oneweb.mercedes-benz.com/css-oom-assets/en-qa/pdf/mercedes-glc-suv-2024-march-x254-mbux-owners-manual-2.pdf,0,3,false,false,false,0,0,0,FAMILY_SCOPED_RETAINED,false
157,4c14e778-9f4d-5669-ae71-f0ed17b41bd4,CUPRA,Ateca,2026,2.0 TSI 300 PS DSG 4Drive,SUV,GASOLINE,7-speed dual-clutch automatic,AWD,P1_EXACT_TRIM_APPLICABILITY,23,1,EXTRACTED,NONE,8,OM-SRC-CUPRA-UK|OM-ART-CUPRA-ATECA-2022-EN,https://www.cupraofficial.com/owners/cupra-car-model-manuals.html|https://www.cupraofficial.com/content/dam/public/cupra-website/owners/cupra-manuals/brochures/cupra-ateca/CUPRA_ATECA_from_JUNE_2022_English.pdf,0,8,false,false,false,0,0,0,FAMILY_SCOPED_RETAINED,false
158,4c22cb31-e980-4dc8-8525-c47363783d96,Toyota,Yaris,2026,Passion X-Pack Hybrid 1.5 130 HP e-CVT,Hatchback,HEV,e-CVT automatic,FWD,P2_REMAINING_TECHNICAL_AND_EQUIPMENT_GAPS,28,1,EXTRACTED,NONE,5,OM-SRC-TOYOTA-TR|OM-ART-TOYOTA-YARIS-HEV-2026-TR,https://kullanicielkitaplari.toyota.com.tr/|https://turkiye.toyota.com.tr/Files/KILAVUZ/YARIS_HYBRID/Yaris_HEV_OM_OM9AG95T.pdf,3,2,true,false,true,3,3,0,EXACT_L9_BYTES_VERIFIED,true
159,4c631048-c142-5ebc-b5a9-4b6c76dd35e9,Citroën,ë-C3 Aircross,2026,Max 83 kW Uzun Menzil,SUV,BEV,Single-speed reduction gear,FWD,P1_EXACT_TRIM_APPLICABILITY,25,1,EXTRACTED,NONE,6,OM-SRC-CITROEN-SERVICE|OM-ART-CITROEN-C3-AIRCROSS-2024-ES,https://service.citroen.com/ACddb/|https://service.citroen.com/ACddb/modeles/c3aircross.cc2eu/eGuide_cc24eu_ed01-24/pdfs/9999_9999_529_es-ES.pdf,0,6,false,false,false,0,0,0,FAMILY_SCOPED_RETAINED,false
160,4d0b8395-1247-508c-9fcc-e70b8f945fdf,Porsche,Cayenne,2026,E-Hybrid,SUV,PHEV,8-speed automatic,AWD,P1_PRIMARY_SOURCE_ACCESS,19,1,ACCESS_REVIEW_REQUIRED,NONE,0,OM-SRC-ACCESS-REVIEW-19,https://manual.porsche.com/,0,0,false,false,false,0,0,0,RESEARCHED_INCONCLUSIVE,false
161,4d1110ae-7869-52c6-8625-5ec3afec3a65,Audi,Q6 e-tron,2026,performance,SUV,BEV,Single-speed automatic,FWD,P1_PRIMARY_SOURCE_ACCESS,20,1,ACCESS_REVIEW_REQUIRED,NONE,0,OM-SRC-AUDI-VIN,https://ownersmanual.audi.com/,0,0,false,false,false,0,0,0,RESEARCHED_INCONCLUSIVE,false
162,4dac9d3e-8e61-590f-b24b-9c6c97974226,Rolls-Royce,Phantom Extended,2026,Extended,Sedan,GASOLINE,8-speed automatic,FWD,P1_PRIMARY_SOURCE_ACCESS,19,1,ACCESS_REVIEW_REQUIRED,NONE,0,OM-SRC-ACCESS-REVIEW-20,https://www.rolls-roycemotorcars.com/en_GB/ownership.html,0,0,false,false,false,0,0,0,RESEARCHED_INCONCLUSIVE,false
163,4e04a547-0b64-590e-bd6e-cd2bce394bcb,Lexus,RX,2026,RX 350h Executive,SUV,HEV,e-CVT automatic,AWD,P1_EXACT_TRIM_APPLICABILITY,19,1,EXTRACTED,NONE,1,OM-SRC-LEXUS-EU|OM-ART-LEXUS-RX-2025-SEAT-HEATER-JA-JP-HTML,https://www.lexus.eu/owners/connected-services/manuals|https://manual.lexus.jp/rx/3077/hev/ja_JP/contents/vhch05se020403.php,0,1,false,false,false,0,0,0,FAMILY_SCOPED_RETAINED,false
164,4f1ce5da-e520-53db-b7c3-d681a1e2cf6c,Audi,A3 Sedan,2026,S line 35 TFSI S tronic,Sedan,MHEV,7-speed dual-clutch automatic,FWD,P1_PRIMARY_SOURCE_ACCESS,19,1,ACCESS_REVIEW_REQUIRED,NONE,0,OM-SRC-AUDI-VIN,https://ownersmanual.audi.com/,0,0,false,false,false,0,0,0,RESEARCHED_INCONCLUSIVE,false
165,4f965042-42e0-526a-9fab-f01bacf567b5,Ferrari,Roma Spider,2026,3.9 V8 DCT,Convertible,GASOLINE,8-speed dual-clutch automatic,RWD,P1_PRIMARY_SOURCE_ACCESS,17,1,ACCESS_REVIEW_REQUIRED,NONE,0,OM-SRC-ACCESS-REVIEW-08,https://www.ferrari.com/en-EN/auto/owners,0,0,false,false,false,0,0,0,RESEARCHED_INCONCLUSIVE,false
166,4fd07b57-0cd5-5d35-84bd-4f8e0325a39b,CUPRA,Tavascan,2026,Endurance 77 kWh 210 kW,SUV,BEV,Single-speed automatic,RWD,P1_EXACT_TRIM_APPLICABILITY,25,1,EXTRACTED,NONE,3,OM-SRC-CUPRA-UK|OM-ART-CUPRA-TAVASCAN-2025-EN,https://www.cupraofficial.com/owners/cupra-car-model-manuals.html|https://www.cupraofficial.com/content/dam/public/cupra-website/generic/pdf/cupra-tavascan-catalogue-06-2025.pdf,0,3,false,false,false,0,0,0,FAMILY_SCOPED_RETAINED,false
167,5048654f-6181-52a5-81e0-09f10af93cca,Volkswagen,Transporter Pikap,2026,Tek Kabin 2.0 TDI 150,Pickup,DIESEL,6-speed manual,FWD,P1_PRIMARY_SOURCE_ACCESS,17,1,ACCESS_REVIEW_REQUIRED,NONE,0,OM-SRC-VW-VIN-TR,https://userguide.volkswagen.de/public/vin/login/tr_TR,0,0,false,false,false,0,0,0,RESEARCHED_INCONCLUSIVE,false
168,50cb0336-9540-5139-9541-79629427d4c7,Hyundai,TUCSON,2026,1.6 T-GDI 180 PS 4x4 DCT Elite Plus,SUV,GASOLINE,7-speed dual-clutch automatic,AWD,P1_EXACT_TRIM_APPLICABILITY,36,1,EXTRACTED,NONE,5,OM-SRC-HYUNDAI-UK|OM-ART-HYUNDAI-TUCSON-MY25-EN-GB,https://www.hyundai.com/uk/en/owners/owning-a-hyundai/owners-manuals.html|https://dmassets.hyundai.com/is/content/hyundaiautoever/TUCSON_MY25pdf,0,5,false,false,false,0,0,0,FAMILY_SCOPED_RETAINED,false
169,512fbf76-d6f0-527c-a281-bfbace026310,Dacia,Sandero Stepway,2026,extreme Eco-G 120 EDC,SUV,LPG,6-speed dual-clutch automatic,FWD,P1_EXACT_TRIM_APPLICABILITY,19,1,EXTRACTED,NONE,4,OM-SRC-DACIA-GLOBAL|OM-ART-DACIA-SANDERO-PH2-EN,https://www.user-manual.dacia.com/en|https://www.user-manual.dacia.com/sites/dacia/files/Sandero_2_Ph2_-_1232-11_ENG.pdf,0,4,false,false,false,0,0,0,FAMILY_SCOPED_RETAINED,false
170,5135f2e9-c70a-5a7b-b12c-f9fa016508a0,MINI,Cooper Electric,2026,E Favoured,Hatchback,BEV,Single-speed automatic,FWD,P1_PRIMARY_SOURCE_ACCESS,20,1,ACCESS_REVIEW_REQUIRED,NONE,0,OM-SRC-ACCESS-REVIEW-17,https://www.mini.com/en_MS/home/owners/mini-digital-manual.html,0,0,false,false,false,0,0,0,RESEARCHED_INCONCLUSIVE,false
171,513f97ac-4ccb-5622-ba22-95d6a90966b4,Toyota,Proace City,2026,Passion 1.5 D-4D 130 AT,Passenger Van,DIESEL,8-speed automatic,FWD,P1_EXACT_TRIM_APPLICABILITY,16,1,EXTRACTED,NONE,19,OM-SRC-TOYOTA-TR|OM-ART-TOYOTA-PROACE-CITY-2024-TR|OM-ART-TOYOTA-PROACE-CITY-CARGO-TR,https://kullanicielkitaplari.toyota.com.tr/|https://turkiye.toyota.com.tr/Files/KILAVUZ/PROACE_CITY_CARGO/Proace_Kull.El%20Kit._OMK9L00T.pdf|https://turkiye.toyota.com.tr/Files/KILAVUZ/PROACE_CITY_CARGO/ProaceCityCargo_OMK9E06T.pdf,0,12,false,false,false,0,0,0,FAMILY_SCOPED_RETAINED,false
172,519db949-adcd-5422-9376-a16c560faf50,Ferrari,12Cilindri,2026,6.5 V12 DCT,Coupe,GASOLINE,8-speed dual-clutch automatic,RWD,P1_PRIMARY_SOURCE_ACCESS,16,1,ACCESS_REVIEW_REQUIRED,NONE,0,OM-SRC-ACCESS-REVIEW-08,https://www.ferrari.com/en-EN/auto/owners,0,0,false,false,false,0,0,0,RESEARCHED_INCONCLUSIVE,false
173,523e9c9a-b831-5ca2-ad74-020fc9e1afc5,BMW,iX1,2026,eDrive20,SUV,BEV,Single-speed automatic,FWD,P1_PRIMARY_SOURCE_ACCESS,18,1,ACCESS_REVIEW_REQUIRED,NONE,0,OM-SRC-BMW-USA-VIN,https://www.bmwusa.com/owners-manuals.html,0,0,false,false,false,0,0,0,RESEARCHED_INCONCLUSIVE,false
174,527bd1e5-de1d-5eb7-b404-efd3f88317a0,Mercedes-Benz,eCitan Panelvan,2026,45 kWh Pro,Panel Van,BEV,Single-speed automatic,FWD,P1_EXACT_TRIM_APPLICABILITY,21,1,EXTRACTED,NONE,4,OM-SRC-MERCEDES-UK|OM-ART-MERCEDES-ECITAN-PANELVAN-2025-EN,https://www.mercedes-benz.co.uk/passengercars/services/manuals.html|https://static.oneweb.mercedes-benz.com/css-oom-assets/en-mt/pdf/mercedes-benz-vans-ecitan-2025-may-i420-mbux-owners-manual-1.pdf,0,4,false,false,false,0,0,0,FAMILY_SCOPED_RETAINED,false
175,52b9c436-8703-5eab-ad32-23de1aac2526,BMW,X1,2026,M35i xDrive,SUV,GASOLINE,Automatic,AWD,P1_PRIMARY_SOURCE_ACCESS,11,1,ACCESS_REVIEW_REQUIRED,NONE,0,OM-SRC-BMW-USA-VIN,https://www.bmwusa.com/owners-manuals.html,0,0,false,false,false,0,0,0,RESEARCHED_INCONCLUSIVE,false
176,52f05f80-1827-59ae-aaa1-a1a78c1cfe07,Peugeot,Boxer Van,2026,L4H2 15 m³ 2.2 180,Panel Van,DIESEL,6-speed manual,FWD,P1_EXACT_TRIM_APPLICABILITY,17,1,EXTRACTED,NONE,9,OM-SRC-PEUGEOT-SERVICEBOX|OM-ART-PEUGEOT-BOXER-2025-EN,https://public.servicebox.peugeot.com/APddb/|https://public.servicebox.peugeot.com/APddb/modeles/boxer/boxer_boxer/ed12-25/en_us/PBOXRCO2512en-2_preview.pdf,0,9,false,false,false,0,0,0,FAMILY_SCOPED_RETAINED,false
177,53717bd9-5764-57cb-8927-b6c192265536,Mercedes-Benz,EQS SUV,2026,EQS 450 4MATIC SUV AMG,SUV,BEV,Single-speed automatic,AWD,P1_EXACT_TRIM_APPLICABILITY,20,1,EXTRACTED,NONE,6,OM-SRC-MERCEDES-UK|OM-ART-MERCEDES-EQS-2024-EN|OM-ART-MERCEDES-EQS-SUV-2024-EN,https://www.mercedes-benz.co.uk/passengercars/services/manuals.html|https://static.oneweb.mercedes-benz.com/css-oom-assets/en-do/pdf/mercedes-eqs-sedan-2024-march-v297-mbux-owners-manual-1.pdf|https://static.oneweb.mercedes-benz.com/css-oom-assets/en-bd/pdf/mercedes-eqs-suv-2024-february-x296-mbux-owners-manual-1.pdf,0,3,false,false,false,0,0,0,FAMILY_SCOPED_RETAINED,false
178,53a43ccf-b3a8-5f62-820d-479ddc1936f2,Hyundai,TUCSON,2026,1.6 CRDi 136 PS 4x4 DCT Comfort Sunroof,SUV,DIESEL,7-speed dual-clutch automatic,AWD,P1_EXACT_TRIM_APPLICABILITY,36,1,EXTRACTED,NONE,5,OM-SRC-HYUNDAI-UK|OM-ART-HYUNDAI-TUCSON-MY25-EN-GB,https://www.hyundai.com/uk/en/owners/owning-a-hyundai/owners-manuals.html|https://dmassets.hyundai.com/is/content/hyundaiautoever/TUCSON_MY25pdf,0,5,false,false,false,0,0,0,FAMILY_SCOPED_RETAINED,false
179,540e8f8f-0ae0-58c6-a8ea-9ae758556493,Citroën,Berlingo,2026,Plus 1.5 BlueHDi 130 6MT,MPV,DIESEL,6-speed manual,FWD,P1_EXACT_TRIM_APPLICABILITY,20,1,EXTRACTED,NONE,5,OM-SRC-CITROEN-SERVICE|OM-ART-CITROEN-BERLINGO-K9-2019-EN,https://service.citroen.com/ACddb/|https://service.citroen.com/ACddb/modeles/berlingo.k9/eGuide_k9vp_ed01-19_dag/pdfs/9999_9999_292_en-GB.pdf,0,5,false,false,false,0,0,0,FAMILY_SCOPED_RETAINED,false
180,543c75c0-5d4e-5fc1-81b9-5d3eefa1385e,Honda,HR-V,2026,Elegance 1.5 e:HEV,SUV,HEV,e-CVT automatic,FWD,P1_EXACT_TRIM_APPLICABILITY,19,1,EXTRACTED,NONE,6,OM-SRC-HONDA-UK|OM-ART-HONDA-HRV-26MY-EN-GB,https://www.honda.co.uk/cars/owners/manuals-and-guides/honda-owners-manuals.html|https://www.honda.co.uk/content/honda/en_gb/cars/owners/manuals-and-guides/honda-owners-manuals/jcr:content/par1/textcolumnwithimagem_1841985346/textColumn/richtextdownload_62a/file.res/26%20HR-V%20HEV%20Sss%20(KE%20KG)-323N06300_web.pdf,0,6,false,false,false,0,0,0,FAMILY_SCOPED_RETAINED,false
181,54bbe431-a3c2-56d0-8177-cefdf0330bcb,Alfa Romeo,Tonale,2026,1.6 Diesel 130 PS Ti TCT6,SUV,DIESEL,6-speed TCT dual-clutch automatic,FWD,P1_PRIMARY_SOURCE_ACCESS,31,2,ACCESS_REVIEW_REQUIRED,NONE,0,OM-SRC-ACCESS-REVIEW-01,https://aftersales.fiat.com/eLum/,0,0,false,true,true,0,0,0,RESEARCHED_INCONCLUSIVE,false
182,55478122-52bc-513e-8e8c-d168b46b92e8,Citroën,SpaceTourer,2026,8+1 2.2 BlueHDi 180 EAT8,Passenger Van,DIESEL,8-speed automatic,FWD,P1_EXACT_TRIM_APPLICABILITY,19,1,EXTRACTED,NONE,8,OM-SRC-CITROEN-SERVICE|OM-ART-CITROEN-JUMPY-SPACETOURER-2018-FR,https://service.citroen.com/ACddb/|https://service.citroen.com/ACddb/modeles/jumpy/eGuide_jumpy_jumpy3vp_ed01-18/pdfs/9999_9999_268_fr-FR.pdf,0,8,false,false,false,0,0,0,FAMILY_SCOPED_RETAINED,false
183,55b4b174-bb6d-534b-b0aa-15321c7f8aad,Mercedes-Benz,E-Serisi,2026,E 180 Exclusive,Sedan,MHEV,9-speed automatic,FWD,P1_EXACT_TRIM_APPLICABILITY,19,1,EXTRACTED,NONE,3,OM-SRC-MERCEDES-UK|OM-ART-MERCEDES-E-CLASS-2024-EN,https://www.mercedes-benz.co.uk/passengercars/services/manuals.html|https://static.oneweb.mercedes-benz.com/css-oom-assets/en-mt/pdf/mercedes-e-class-sedan-2024-january-w214-mbux-owners-manual-2.pdf,0,3,false,false,false,0,0,0,FAMILY_SCOPED_RETAINED,false
184,55c451a5-e0d6-5390-a41c-71738498b11d,Renault,Master Kamyonet,2026,L2 Tek Kabin FD 170,Chassis Cab,DIESEL,6-speed manual,FWD,P1_EXACT_TRIM_APPLICABILITY,17,1,EXTRACTED,NONE,8,OM-SRC-RENAULT-GUIDE|OM-ART-RENAULT-MASTER-EN,https://www.user-manual.renault.com/en|https://www.user-manual.renault.com/sites/renault/files/Master-1033-9_ENG.pdf,0,8,false,false,false,0,0,0,FAMILY_SCOPED_RETAINED,false
185,563f94a1-8572-5608-bb42-5045f3fb12a1,Renault,Kangoo Multix,2026,Iconic 1.5 Blue dCi 115 EDC,Passenger Van,DIESEL,7-speed dual-clutch automatic,FWD,P1_EXACT_TRIM_APPLICABILITY,16,1,EXTRACTED,NONE,3,OM-SRC-RENAULT-GUIDE|OM-ART-RENAULT-KANGOO-2025-EN,https://www.user-manual.renault.com/en|https://www.user-manual.renault.com/en/notice/20807/explore,0,3,false,false,false,0,0,0,FAMILY_SCOPED_RETAINED,false
186,5855eaa0-52f7-5fea-91b0-96f674befe4d,Kia,EV3,2026,GT-Line Long Range 81.4 kWh,SUV,BEV,Single-speed automatic,FWD,P1_EXACT_TRIM_APPLICABILITY,20,1,EXTRACTED,NONE,5,OM-SRC-KIA-ITALY|OM-ART-KIA-EV3-2025-EN-GB,https://www.kia.com/it/service/warranty-guides/kia-owners-manual-and-guides/|https://ownersmanual.kia.com/full_webhelp/SV1/2025/en_GB/toc.html,0,5,false,false,false,0,0,0,FAMILY_SCOPED_RETAINED,false
187,592b7441-e043-527f-ab84-190798f7f6e1,Kia,EV6,2026,Elegance Standard Range 63 kWh,Crossover,BEV,Single-speed automatic,RWD,P1_EXACT_TRIM_APPLICABILITY,20,1,EXTRACTED,NONE,5,OM-SRC-KIA-ITALY|OM-ART-KIA-EV6-2025-EN-GB,https://www.kia.com/it/service/warranty-guides/kia-owners-manual-and-guides/|https://ownersmanual.kia.com/full_webhelp/CV1/2025/en_GB/toc.html,0,5,false,false,false,0,0,0,FAMILY_SCOPED_RETAINED,false
188,5a64b246-3b05-52b6-9f24-b8f52ccc2305,Alfa Romeo,Junior,2026,Elettrica 115 kW Speciale+,SUV,BEV,Single-speed automatic,FWD,P1_PRIMARY_SOURCE_ACCESS,37,2,ACCESS_REVIEW_REQUIRED,NONE,0,OM-SRC-ACCESS-REVIEW-01,https://aftersales.fiat.com/eLum/,0,0,false,true,true,23,0,0,RESEARCHED_INCONCLUSIVE,false
189,5b18c3dd-7e53-5572-a66c-b22907ca1a44,Hyundai,i20,2026,1.0 T-GDI 90PS DCT Style (GSR2C & E-Call),Hatchback,GASOLINE,7-speed dual-clutch automatic,FWD,P1_EXACT_TRIM_APPLICABILITY,39,1,EXTRACTED,NONE,7,OM-SRC-HYUNDAI-UK|OM-ART-HYUNDAI-I20-MY25-EN-GB,https://www.hyundai.com/uk/en/owners/owning-a-hyundai/owners-manuals.html|https://dmassets.hyundai.com/is/content/hyundaiautoever/i20_MY25pdf,0,7,false,false,false,0,0,0,FAMILY_SCOPED_RETAINED,false
190,5ba85d4e-d2ef-5f36-a81c-0c98dfd8cd16,BMW,M5 Touring,2026,M xDrive,Hatchback,PHEV,Automatic,AWD,P1_PRIMARY_SOURCE_ACCESS,11,1,ACCESS_REVIEW_REQUIRED,NONE,0,OM-SRC-BMW-USA-VIN,https://www.bmwusa.com/owners-manuals.html,0,0,false,false,false,0,0,0,RESEARCHED_INCONCLUSIVE,false
191,5c31c04f-6670-50c7-9737-8299a37258b5,Kia,Sportage,2026,Cool 1.6 T-GDI 150 DCT,SUV,GASOLINE,7-speed dual-clutch automatic,FWD,P1_EXACT_TRIM_APPLICABILITY,19,1,EXTRACTED,NONE,5,OM-SRC-KIA-ITALY|OM-ART-KIA-SPORTAGE-2025-EN-GB,https://www.kia.com/it/service/warranty-guides/kia-owners-manual-and-guides/|https://ownersmanual.kia.com/full_webhelp/NQ5/2025/en_GB/toc.html,0,5,false,false,false,0,0,0,FAMILY_SCOPED_RETAINED,false
192,5d012858-441c-5d3f-8d58-5b3dd675a82f,Citroën,Jumper,2026,3.5T 15m³ 2.2 BlueHDi 180 6MT,Panel Van,DIESEL,6-speed manual,FWD,P1_EXACT_TRIM_APPLICABILITY,15,1,EXTRACTED,NONE,9,OM-SRC-CITROEN-SERVICE|OM-ART-CITROEN-JUMPER-2025-EN,https://service.citroen.com/ACddb/|https://service.citroen.com/ACddb/modeles/jumper/jumper_jumper/ed12-25/en_us/CJPERCO2512en-2_preview.pdf,0,9,false,false,false,0,0,0,FAMILY_SCOPED_RETAINED,false
193,5d3538b1-c726-44f5-8160-41a64d33eb8e,Hyundai,TUCSON,2026,1.6 T-GDI 180 PS 4x2 DCT Comfort,SUV,GASOLINE,7-speed dual-clutch automatic,FWD,P1_EXACT_TRIM_APPLICABILITY,36,1,EXTRACTED,NONE,5,OM-SRC-HYUNDAI-UK|OM-ART-HYUNDAI-TUCSON-MY25-EN-GB,https://www.hyundai.com/uk/en/owners/owning-a-hyundai/owners-manuals.html|https://dmassets.hyundai.com/is/content/hyundaiautoever/TUCSON_MY25pdf,0,5,false,false,false,0,0,0,FAMILY_SCOPED_RETAINED,false
194,5d5e9d33-502b-57b9-8c1c-7f556f711209,Fiat,Topolino,2026,Standart 6 kW,Quadricycle,BEV,Single-speed automatic,FWD,P1_EXACT_TRIM_APPLICABILITY,19,1,EXTRACTED,NONE,3,OM-SRC-FIAT-ELUM|OM-ART-FIAT-TOPOLINO-2023-EN-QUICK-GUIDE,https://aftersales.fiat.com/eLum/|https://aftersales.fiat.com/eLumData/EN/00/354_TOPOLINO/00_354_TOPOLINO_530.02.635_EN_02_11.23_L_LG/00_354_TOPOLINO_530.02.635_EN_02_11.23_L_LG.pdf,0,3,false,false,false,0,0,0,FAMILY_SCOPED_RETAINED,false
195,5d721fbb-6db6-57a5-9db1-deae25a4d994,Hyundai,IONIQ 9,2026,226kW (307PS) 4x4 Calligraphy,SUV,BEV,Single-speed reduction gear,AWD,P1_EXACT_TRIM_APPLICABILITY,37,1,EXTRACTED,NONE,7,OM-SRC-HYUNDAI-UK|OM-ART-HYUNDAI-IONIQ9-EN-GB,https://www.hyundai.com/uk/en/owners/owning-a-hyundai/owners-manuals.html|https://dmassets.hyundai.com/is/content/hyundaiautoever/IONIQ+9+Owners+Manualpdf,0,7,false,false,false,0,0,0,FAMILY_SCOPED_RETAINED,false
196,5d9324ac-68a9-51be-9b54-0427bbdbf294,OMODA,OMODA 5,2026,Ultima 1.6 TGDI DCT,SUV,GASOLINE,7-speed dual-clutch automatic,FWD,P1_PRIMARY_SOURCE_ACCESS,19,1,ACCESS_REVIEW_REQUIRED,NONE,0,OM-SRC-ACCESS-REVIEW-18,https://www.omoda.com.tr/,0,0,false,false,false,0,0,0,RESEARCHED_INCONCLUSIVE,false
197,5da391b8-0c75-5e7f-8b6a-0e41da8359d0,Opel,Astra Sports Tourer,2026,GS Hybrid 145,Station Wagon,HEV,6-speed dual-clutch automatic,FWD,P1_EXACT_TRIM_APPLICABILITY,19,1,EXTRACTED,NONE,7,OM-SRC-OPEL-TR|OM-ART-OPEL-ASTRA-L-2025-CA,https://www.opel.com.tr/owners/manuals.html|https://public-servicebox.opel.com/OVddb/OV/ca_ES/Astra_L/2021_2026/2025_09/manual_user/OASTRLO2509ca-1_online.pdf,0,7,false,false,false,0,0,0,FAMILY_SCOPED_RETAINED,false
198,5e7da935-3d9c-5afe-8323-3f550e9f986a,Hyundai,i20,2026,1.0 T-GDI 90PS DCT Jump,Hatchback,GASOLINE,7-speed dual-clutch automatic,FWD,P1_EXACT_TRIM_APPLICABILITY,37,1,EXTRACTED,NONE,7,OM-SRC-HYUNDAI-UK|OM-ART-HYUNDAI-I20-MY25-EN-GB,https://www.hyundai.com/uk/en/owners/owning-a-hyundai/owners-manuals.html|https://dmassets.hyundai.com/is/content/hyundaiautoever/i20_MY25pdf,0,7,false,false,false,0,0,0,FAMILY_SCOPED_RETAINED,false
199,5ee86bbc-24d7-5fe7-8a23-b1098239aff5,Land Rover,Defender 110,2026,X-Dynamic SE D350,SUV,MHEV,8-speed automatic,AWD,P1_EXACT_TRIM_APPLICABILITY,19,1,EXTRACTED,NONE,5,OM-SRC-LAND-ROVER-IGUIDE|OM-ART-LAND-ROVER-DEFENDER-110-2024-WARNING-LAMPS-ES,https://www.ownerinfo.landrover.com/|https://www.ownerinfo.landrover.com/document/3E/2024/1697620/proc/G2401441/G2872660,0,5,false,false,false,0,0,0,FAMILY_SCOPED_RETAINED,false
200,5ef43435-2119-5aa4-b71d-bb6d34d6d9ca,CUPRA,Formentor,2026,Impulse 1.5 eTSI ACT 150 PS DSG,SUV,MHEV,7-speed dual-clutch automatic,FWD,P1_EXACT_TRIM_APPLICABILITY,23,1,EXTRACTED,NONE,9,OM-SRC-CUPRA-UK|OM-ART-CUPRA-FORMENTOR-2021-EN,https://www.cupraofficial.com/owners/cupra-car-model-manuals.html|https://www.cupraofficial.com/content/dam/public/cupra-website/owners/cupra-car-model-manuals/brochures/CUPRA_FORMENTOR_06_21_EN.pdf,0,9,false,false,false,0,0,0,FAMILY_SCOPED_RETAINED,false
201,5f4d4dce-de0e-5f2a-a3d4-c3c062dd859e,Peugeot,E-5008,2026,GT 157 kW,SUV,BEV,Single-speed automatic,FWD,P1_EXACT_TRIM_APPLICABILITY,20,1,EXTRACTED,NONE,7,OM-SRC-PEUGEOT-SERVICEBOX|OM-ART-PEUGEOT-3008-5008-2024-EN-GB,https://public.servicebox.peugeot.com/APddb/|https://public.servicebox.peugeot.com/APddb/modeles/3008.p6/eGuide_p64_ed01-24_dag/pdfs/9999_9999_527_en-GB.pdf,0,7,false,false,false,0,0,0,FAMILY_SCOPED_RETAINED,false
202,5f5e45d7-fae7-5c02-a649-0cc58cd99710,Hyundai,BAYON,2026,1.0 T-GDI 90 PS MT Jump,SUV,GASOLINE,6-speed manual,FWD,P1_EXACT_TRIM_APPLICABILITY,30,1,EXTRACTED,NONE,7,OM-SRC-HYUNDAI-UK|OM-ART-HYUNDAI-BAYON-EN-GB,https://www.hyundai.com/uk/en/owners/owning-a-hyundai/owners-manuals.html|https://dmassets.hyundai.com/is/content/hyundaiautoever/i20+Bayon+BC3pdf,0,7,false,false,false,0,0,0,FAMILY_SCOPED_RETAINED,false
203,5f7e0ec6-2bf7-5b96-af57-4c1af23797b4,Ford,Transit Courier,2026,Trend 1.5 EcoBlue 100,Panel Van,DIESEL,6-speed manual,FWD,P1_EXACT_TRIM_APPLICABILITY,18,1,EXTRACTED,NONE,14,OM-SRC-FORD-TR|OM-ART-FORD-COURIER-2023-EN|OM-ART-FORD-E-COURIER-2026-CHARGING-ES-HTML|OM-ART-FORD-TRANSIT-2026-EN-AUS,https://www.fordservicecontent.com/Ford_Content/vdirsnet/OwnerManual/|https://www.fordservicecontent.com/Ford_Content/Catalog/owner_information/CG3971en-202306-20231123122042.pdf|https://www.fordservicecontent.com/Ford_Content/vdirsnet/OwnerManual/Home/Content?ProcUid=G2420491&Uid=G2407071&buildtype=web&countryCode=ESP&div=f&languageCode=es&moidRef=G2355816&userMarket=USA&vFilteringEnabled=False&variantid=10025|https://www.fordservicecontent.com/Ford_Content/Catalog/owner_information/CG3797en-202509-20250922100228.pdf,0,11,false,false,false,0,0,0,FAMILY_SCOPED_RETAINED,false
204,5fc5af18-0417-5445-bcb1-26f589a7b844,Kia,EV9,2026,GT-Line AWD 99.8 kWh,SUV,BEV,Single-speed automatic,AWD,P1_EXACT_TRIM_APPLICABILITY,20,1,EXTRACTED,NONE,5,OM-SRC-KIA-ITALY|OM-ART-KIA-EV9-2025-EN-GB,https://www.kia.com/it/service/warranty-guides/kia-owners-manual-and-guides/|https://ownersmanual.kia.com/full_webhelp/MV1/2025/en_GB/toc.html,0,5,false,false,false,0,0,0,FAMILY_SCOPED_RETAINED,false
205,607f7ac7-1b70-5fd9-abfc-65ecb9bc3fac,Hyundai,BAYON,2026,1.0 T-GDI 90 PS DCT Style GSR2C,SUV,GASOLINE,7-speed dual-clutch automatic,FWD,P1_EXACT_TRIM_APPLICABILITY,31,1,EXTRACTED,NONE,7,OM-SRC-HYUNDAI-UK|OM-ART-HYUNDAI-BAYON-EN-GB,https://www.hyundai.com/uk/en/owners/owning-a-hyundai/owners-manuals.html|https://dmassets.hyundai.com/is/content/hyundaiautoever/i20+Bayon+BC3pdf,0,7,false,false,false,0,0,0,FAMILY_SCOPED_RETAINED,false
206,6157aea5-cda6-5784-8452-91db40fc7613,Fiat,Grande Panda,2026,La Prima Electric 44 kWh,Hatchback,BEV,Single-speed automatic,FWD,P1_EXACT_TRIM_APPLICABILITY,20,1,EXTRACTED,NONE,7,OM-SRC-FIAT-ELUM|OM-ART-FIAT-GRANDE-PANDA-2026-EN,https://aftersales.fiat.com/eLum/|https://aftersales.fiat.com/eLumData/EN/00/142_GRANDEPANDA/00_142_GRANDEPANDA_503.03.870_EN_01_01.26_L_LG/00_142_GRANDEPANDA_503.03.870_EN_01_01.26_L_LG.pdf,0,7,false,false,false,0,0,0,FAMILY_SCOPED_RETAINED,false
207,61a12810-90be-5836-ba5d-9369ba8607b6,Volkswagen,Transporter Kombi,2026,City Van 5+1 2.0 TDI 150,Passenger Van,DIESEL,6-speed manual,FWD,P1_PRIMARY_SOURCE_ACCESS,16,1,ACCESS_REVIEW_REQUIRED,NONE,0,OM-SRC-VW-VIN-TR,https://userguide.volkswagen.de/public/vin/login/tr_TR,0,0,false,false,false,0,0,0,RESEARCHED_INCONCLUSIVE,false
208,626776ba-2a31-5278-9bc4-0d75edb720e2,Škoda,Octavia,2026,Prestige 2.0 TDI 193 DSG 4x4,Liftback,DIESEL,7-speed dual-clutch automatic,AWD,P1_EXACT_TRIM_APPLICABILITY,19,1,EXTRACTED,NONE,2,OM-SRC-SKODA-GLOBAL|OM-ART-SKODA-OCTAVIA-TECH-EN,https://manual.skoda-auto.com/001/en-mm/Models|https://cdn.skoda-storyboard.com/2019/08/TD-OCTAVIA-en.pdf,0,2,false,false,false,0,0,0,FAMILY_SCOPED_RETAINED,false
209,6296ae8f-595a-51d3-95b2-33e18e67a642,KGM,Musso Grand,2026,Passion 2.2 Diesel 4x4 AT,Pickup,DIESEL,6-speed automatic,AWD,P1_PRIMARY_SOURCE_ACCESS,17,1,ACCESS_REVIEW_REQUIRED,NONE,0,OM-SRC-ACCESS-REVIEW-13,https://www.kgm-motors.co.uk/faqs/,0,0,false,false,false,0,0,0,RESEARCHED_INCONCLUSIVE,false
210,62d395d6-7f93-5f60-b188-6457b9c8e7f1,BMW,i7,2026,xDrive60,Sedan,BEV,Single-speed automatic,AWD,P1_PRIMARY_SOURCE_ACCESS,18,1,ACCESS_REVIEW_REQUIRED,NONE,0,OM-SRC-BMW-USA-VIN,https://www.bmwusa.com/owners-manuals.html,0,0,false,false,false,0,0,0,RESEARCHED_INCONCLUSIVE,false
211,62dbdf63-da59-5d86-8a54-06d5ee9470e9,Nissan,Juke,2026,N-Design 1.0 DIG-T DCT,SUV,GASOLINE,7-speed dual-clutch automatic,FWD,P1_EXACT_TRIM_APPLICABILITY,19,1,EXTRACTED,NONE,5,OM-SRC-NISSAN-UK|OM-ART-NISSAN-JUKE-2022-EN-IE,https://www.nissan.co.uk/owners/car-repair/car-owner-manual/all-manuals/iom.shtml|https://libs-europe.nissan-cdn.net/nissan-prod-iom/ie/en/juke-om_f16_en6_2019-present/pdf/juke-om_f16_en6_november-2022.pdf,0,5,false,false,false,0,0,0,FAMILY_SCOPED_RETAINED,false
212,636393cf-8cb8-508d-9c5f-696261bd9024,Renault,Megane E-Tech,2026,Iconic 60 kWh,Hatchback,BEV,Single-speed automatic,FWD,P1_EXACT_TRIM_APPLICABILITY,20,1,EXTRACTED,NONE,11,OM-SRC-RENAULT-GUIDE|OM-ART-RENAULT-MEGANE-ETECH-EN-GB|OM-ART-RENAULT-MEGANE-SEDAN-2025-EN-HTML,https://www.user-manual.renault.com/en|https://www.user-manual.renault.com/sites/renault/files/GUI_NU_REN_BCB_1402_8_0_LHD-RHD_PRNT-en-GB.pdf|https://www.user-manual.renault.com/en/notice/21609/explore,0,8,false,false,false,0,0,0,FAMILY_SCOPED_RETAINED,false
213,636b1f54-b4ac-59d4-92af-6b8ad44335a9,Kia,EV3,2026,Elegance Long Range 81.4 kWh,SUV,BEV,Single-speed automatic,FWD,P1_EXACT_TRIM_APPLICABILITY,20,1,EXTRACTED,NONE,5,OM-SRC-KIA-ITALY|OM-ART-KIA-EV3-2025-EN-GB,https://www.kia.com/it/service/warranty-guides/kia-owners-manual-and-guides/|https://ownersmanual.kia.com/full_webhelp/SV1/2025/en_GB/toc.html,0,5,false,false,false,0,0,0,FAMILY_SCOPED_RETAINED,false
214,637ebbaa-d478-541f-8e76-732f20f4fddc,Lexus,NX,2026,NX 450h+ Executive,SUV,PHEV,e-CVT automatic,AWD,P1_EXACT_TRIM_APPLICABILITY,21,1,EXTRACTED,NONE,1,OM-SRC-LEXUS-EU|OM-ART-LEXUS-NX-2023-SEAT-HEATER-JA-JP-HTML,https://www.lexus.eu/owners/connected-services/manuals|https://manual.lexus.jp/nx/2303/hev/ja_JP/contents/ysc1634006255450.php,0,1,false,false,false,0,0,0,FAMILY_SCOPED_RETAINED,false
215,63996e51-187e-538b-9667-8e8de862fbb7,Volkswagen,Transporter Panelvan,2026,2.0 TDI 150 DSG Uzun,Panel Van,DIESEL,8-speed automatic,FWD,P1_PRIMARY_SOURCE_ACCESS,17,1,ACCESS_REVIEW_REQUIRED,NONE,0,OM-SRC-VW-VIN-TR,https://userguide.volkswagen.de/public/vin/login/tr_TR,0,0,false,false,false,0,0,0,RESEARCHED_INCONCLUSIVE,false
216,63d0c2c8-a413-59a8-8da3-f33a2949440e,Peugeot,E-3008,2026,GT 157 kW,Fastback SUV,BEV,Single-speed automatic,FWD,P1_EXACT_TRIM_APPLICABILITY,20,1,EXTRACTED,NONE,7,OM-SRC-PEUGEOT-SERVICEBOX|OM-ART-PEUGEOT-3008-5008-2024-EN-GB,https://public.servicebox.peugeot.com/APddb/|https://public.servicebox.peugeot.com/APddb/modeles/3008.p6/eGuide_p64_ed01-24_dag/pdfs/9999_9999_527_en-GB.pdf,0,7,false,false,false,0,0,0,FAMILY_SCOPED_RETAINED,false
217,63eeaaa7-3e34-5e88-90ff-ba3b3a0ee543,DS Automobiles,DS 7,2026,Étoile BlueHDi 130 EAT8,SUV,DIESEL,8-speed automatic,FWD,P1_PRIMARY_SOURCE_ACCESS,19,1,ACCESS_REVIEW_REQUIRED,NONE,0,OM-SRC-ACCESS-REVIEW-07,https://service.dsautomobiles.com/,0,0,false,false,false,0,0,0,RESEARCHED_INCONCLUSIVE,false
218,65207dc7-b5de-5f46-812b-dfd64f8b2f7d,Škoda,Fabia,2026,Premium 1.0 TSI 115 DSG,Hatchback,GASOLINE,7-speed dual-clutch automatic,FWD,P1_EXACT_TRIM_APPLICABILITY,19,1,EXTRACTED,NONE,2,OM-SRC-SKODA-GLOBAL|OM-ART-SKODA-FABIA-TECH-EN,https://manual.skoda-auto.com/001/en-mm/Models|https://cdn.skoda-storyboard.com/2021/06/TD-2-FABIA-petrol-en.pdf,0,2,false,false,false,0,0,0,FAMILY_SCOPED_RETAINED,false
219,65389269-e50e-551c-b23a-2b2f1fa7bec5,Fiat,Scudo Van,2026,L3 2.2 Multijet 180 EAT8,Panel Van,DIESEL,8-speed automatic,FWD,P1_EXACT_TRIM_APPLICABILITY,17,1,EXTRACTED,NONE,11,OM-SRC-FIAT-ELUM|OM-ART-FIAT-SCUDO-ESCUDO-2022-EN,https://aftersales.fiat.com/eLum/|https://aftersales.fiat.com/eLumData/EN/77/506_SCUDO/77_506_SCUDO_603.85.483_EN_01_01.22_L_LG/77_506_SCUDO_603.85.483_EN_01_01.22_L_LG.pdf,0,11,false,false,false,0,0,0,FAMILY_SCOPED_RETAINED,false
220,656f694d-2834-5778-99c3-7a48cccc51ea,Porsche,Panamera,2026,Panamera,Liftback,GASOLINE,8-speed dual-clutch automatic,FWD,P1_PRIMARY_SOURCE_ACCESS,19,1,ACCESS_REVIEW_REQUIRED,NONE,0,OM-SRC-ACCESS-REVIEW-19,https://manual.porsche.com/,0,0,false,false,false,0,0,0,RESEARCHED_INCONCLUSIVE,false
221,659e9ede-6e3d-544a-b57e-79101bd10d3a,Hyundai,i30,2026,1.6 T-GDI 150 PS DCT Prime,Hatchback,GASOLINE,7-speed dual-clutch automatic,FWD,P1_EXACT_TRIM_APPLICABILITY,34,1,EXTRACTED,NONE,7,OM-SRC-HYUNDAI-UK|OM-ART-HYUNDAI-I30-MY25-EN-GB,https://www.hyundai.com/uk/en/owners/owning-a-hyundai/owners-manuals.html|https://dmassets.hyundai.com/is/content/hyundaiautoever/PDe_2025_en_UKpdf,0,7,false,false,false,0,0,0,FAMILY_SCOPED_RETAINED,false
222,65c68e62-7912-5404-9510-8a78b4528ec8,Toyota,GR Yaris,2026,1.6 Turbo GR-DAT AWD,Hatchback,GASOLINE,8-speed automatic,AWD,P1_EXACT_TRIM_APPLICABILITY,19,1,EXTRACTED,NONE,1,OM-SRC-TOYOTA-TR|OM-ART-TOYOTA-GR-YARIS-2026-CAMERA-JA-JP-HTML,https://kullanicielkitaplari.toyota.com.tr/|https://manual.toyota.jp/gr_yaris/2604/cv/ja_JP/contents/xfj1699397890457.php,0,1,false,false,false,0,0,0,FAMILY_SCOPED_RETAINED,false
223,65d78bac-6800-5ea6-8f0a-ac17e1dba5f6,Peugeot,208,2026,Allure Hybrid 145,Hatchback,HEV,6-speed dual-clutch automatic,FWD,P1_EXACT_TRIM_APPLICABILITY,19,1,EXTRACTED,NONE,7,OM-SRC-PEUGEOT-SERVICEBOX|OM-ART-PEUGEOT-208-E208-2023-EN-GB,https://public.servicebox.peugeot.com/APddb/|https://public.servicebox.peugeot.com/APddb/modeles/208.p2/eGuide_p21_ed01-23/pdfs/9999_9999_494_en-GB.pdf,0,7,false,false,false,0,0,0,FAMILY_SCOPED_RETAINED,false
224,676c9edb-d777-5bee-8a49-f58ab74d3897,Ford,Tourneo Courier,2026,Titanium 1.0 EcoBoost 125 7DCT,MPV,GASOLINE,7-speed dual-clutch automatic,FWD,P1_EXACT_TRIM_APPLICABILITY,19,1,EXTRACTED,NONE,7,OM-SRC-FORD-TR|OM-ART-FORD-COURIER-2023-EN|OM-ART-FORD-E-COURIER-2026-CHARGING-ES-HTML,https://www.fordservicecontent.com/Ford_Content/vdirsnet/OwnerManual/|https://www.fordservicecontent.com/Ford_Content/Catalog/owner_information/CG3971en-202306-20231123122042.pdf|https://www.fordservicecontent.com/Ford_Content/vdirsnet/OwnerManual/Home/Content?ProcUid=G2420491&Uid=G2407071&buildtype=web&countryCode=ESP&div=f&languageCode=es&moidRef=G2355816&userMarket=USA&vFilteringEnabled=False&variantid=10025,0,7,false,false,false,0,0,0,FAMILY_SCOPED_RETAINED,false
225,67b855b1-d7cb-5649-8cf0-d436f6bcebe8,Ford,Capri,2026,Premium Extended Range RWD,Fastback SUV,BEV,Single-speed automatic,RWD,P1_EXACT_TRIM_APPLICABILITY,20,1,EXTRACTED,NONE,7,OM-SRC-FORD-TR|OM-ART-FORD-CAPRI-2025-EN,https://www.fordservicecontent.com/Ford_Content/vdirsnet/OwnerManual/|https://www.fordservicecontent.com/Ford_Content/vdirsnet/OwnerManual/Home/Index?Variantid=9985&countryCode=USA&languageCode=EN,0,7,false,false,false,0,0,0,FAMILY_SCOPED_RETAINED,false
226,67f1cf59-1e18-50c3-86aa-84e85d4614e3,Porsche,911,2026,Turbo S,Coupe,GASOLINE,8-speed dual-clutch automatic,AWD,P1_PRIMARY_SOURCE_ACCESS,19,1,ACCESS_REVIEW_REQUIRED,NONE,0,OM-SRC-ACCESS-REVIEW-19,https://manual.porsche.com/,0,0,false,false,false,0,0,0,RESEARCHED_INCONCLUSIVE,false
227,68411267-4dbf-53f7-b80d-1de4b385812c,BMW,4 Serisi Coupe,2026,420i,Coupe,GASOLINE,Automatic,RWD,P1_PRIMARY_SOURCE_ACCESS,11,1,ACCESS_REVIEW_REQUIRED,NONE,0,OM-SRC-BMW-USA-VIN,https://www.bmwusa.com/owners-manuals.html,0,0,false,false,false,0,0,0,RESEARCHED_INCONCLUSIVE,false
228,68a4a5c3-aa4b-5255-bb74-b28309a3df7c,Opel,Vivaro Kamyonet,2026,2.2 Diesel 150 MT6,Chassis Cab,DIESEL,6-speed manual,FWD,P1_EXACT_TRIM_APPLICABILITY,17,1,EXTRACTED,NONE,11,OM-SRC-OPEL-TR|OM-ART-OPEL-VIVARO-ZAFIRA-2025-CA,https://www.opel.com.tr/owners/manuals.html|https://public-servicebox.opel.com/OVddb/OV/ca_ES/Vivaro_C/2020_2025/2025_05/manual_user/OVIVACO2505ca-1_online.pdf,0,11,false,false,false,0,0,0,FAMILY_SCOPED_RETAINED,false
229,68f6261b-3829-55a1-b307-1f5912e9b874,Hyundai,i30,2026,1.6 T-GDI 150 PS DCT Comfort,Hatchback,GASOLINE,7-speed dual-clutch automatic,FWD,P1_EXACT_TRIM_APPLICABILITY,34,1,EXTRACTED,NONE,7,OM-SRC-HYUNDAI-UK|OM-ART-HYUNDAI-I30-MY25-EN-GB,https://www.hyundai.com/uk/en/owners/owning-a-hyundai/owners-manuals.html|https://dmassets.hyundai.com/is/content/hyundaiautoever/PDe_2025_en_UKpdf,0,7,false,false,false,0,0,0,FAMILY_SCOPED_RETAINED,false
230,692316d1-65a3-5eb9-a6be-08b482d95bb0,Ford,Transit,2026,Van 350 L4H3 2.0 EcoBlue 165,Panel Van,DIESEL,6-speed manual,FWD,P1_EXACT_TRIM_APPLICABILITY,18,1,EXTRACTED,NONE,31,OM-SRC-FORD-TR|OM-ART-FORD-COURIER-2023-EN|OM-ART-FORD-E-COURIER-2026-CHARGING-ES-HTML|OM-ART-FORD-TRANSIT-2026-EN-AUS|OM-ART-FORD-TRANSIT-CONNECT-ES-HTML|OM-ART-FORD-TRANSIT-CUSTOM-2026-EN-GB,https://www.fordservicecontent.com/Ford_Content/vdirsnet/OwnerManual/|https://www.fordservicecontent.com/Ford_Content/Catalog/owner_information/CG3971en-202306-20231123122042.pdf|https://www.fordservicecontent.com/Ford_Content/vdirsnet/OwnerManual/Home/Content?ProcUid=G2420491&Uid=G2407071&buildtype=web&countryCode=ESP&div=f&languageCode=es&moidRef=G2355816&userMarket=USA&vFilteringEnabled=False&variantid=10025|https://www.fordservicecontent.com/Ford_Content/Catalog/owner_information/CG3797en-202509-20250922100228.pdf|https://www.fordservicecontent.com/Ford_Content/vdirsnet/OwnerManual/Home/Index?VIN=&Variantid=3396&bookcode=O26759&buildtype=web&countryCode=ESP&div=f&languageCode=ES&marketCode=ES&userMarket=esp|https://www.fordservicecontent.com/Ford_Content/Catalog/owner_information/CG3964en-202509-20250910123628.pdf,0,18,false,false,false,0,0,0,FAMILY_SCOPED_RETAINED,false
231,6984912b-97ab-5b67-bf91-6d2617947829,MINI,Cooper,2026,C Favoured,Hatchback,GASOLINE,7-speed dual-clutch automatic,FWD,P1_PRIMARY_SOURCE_ACCESS,19,1,ACCESS_REVIEW_REQUIRED,NONE,0,OM-SRC-ACCESS-REVIEW-17,https://www.mini.com/en_MS/home/owners/mini-digital-manual.html,0,0,false,false,false,0,0,0,RESEARCHED_INCONCLUSIVE,false
232,69b74481-85e8-5297-8a62-45bf91e91f10,BYD,ATTO 2,2026,Comfort,SUV,BEV,Single-speed automatic,FWD,P1_EXACT_TRIM_APPLICABILITY,20,1,EXTRACTED,NONE,6,OM-SRC-BYD-EU|OM-ART-BYD-ATTO2-TR,https://www.byd.com/eu/service-maintenance/owners-manual|https://www.byd.com/material/byd-site/eu/support/service/manual/20250219/BYD%20ATTO%202%20Kullan%C4%B1m%20K%C4%B1lavuzu-Soldan%20Direksiyon-TR.pdf,0,6,false,false,false,0,0,0,FAMILY_SCOPED_RETAINED,false
233,6a4469d3-1b1f-5cb7-8ea0-524d26ed0b57,Porsche,911,2026,Carrera 4 GTS,Coupe,HEV,8-speed dual-clutch automatic,AWD,P1_PRIMARY_SOURCE_ACCESS,19,1,ACCESS_REVIEW_REQUIRED,NONE,0,OM-SRC-ACCESS-REVIEW-19,https://manual.porsche.com/,0,0,false,false,false,0,0,0,RESEARCHED_INCONCLUSIVE,false
234,6a7b42f3-f7eb-5b62-a76d-4e4dcfb430a4,Jeep,Avenger,2026,Upland 4xe 1.2 145 AWD,SUV,MHEV,6-speed dual-clutch automatic,AWD,P1_PRIMARY_SOURCE_ACCESS,19,1,ACCESS_REVIEW_REQUIRED,NONE,0,OM-SRC-ACCESS-REVIEW-12,https://aftersales.fiat.com/eLum/,0,0,false,false,false,0,0,0,RESEARCHED_INCONCLUSIVE,false
235,6ab900dc-c986-5bd8-b35a-23b05cfa0573,Mercedes-Benz,EQS,2026,EQS 450 4MATIC AMG,Liftback,BEV,Single-speed automatic,AWD,P1_EXACT_TRIM_APPLICABILITY,20,1,EXTRACTED,NONE,6,OM-SRC-MERCEDES-UK|OM-ART-MERCEDES-EQS-2024-EN|OM-ART-MERCEDES-EQS-SUV-2024-EN,https://www.mercedes-benz.co.uk/passengercars/services/manuals.html|https://static.oneweb.mercedes-benz.com/css-oom-assets/en-do/pdf/mercedes-eqs-sedan-2024-march-v297-mbux-owners-manual-1.pdf|https://static.oneweb.mercedes-benz.com/css-oom-assets/en-bd/pdf/mercedes-eqs-suv-2024-february-x296-mbux-owners-manual-1.pdf,0,3,false,false,false,0,0,0,FAMILY_SCOPED_RETAINED,false
236,6b0698f8-5e46-57e2-bf3c-609fff5c5db8,Audi,Q5,2026,Advanced 40 TDI quattro,SUV,DIESEL,7-speed dual-clutch automatic,AWD,P1_PRIMARY_SOURCE_ACCESS,19,1,ACCESS_REVIEW_REQUIRED,NONE,0,OM-SRC-AUDI-VIN,https://ownersmanual.audi.com/,0,0,false,false,false,0,0,0,RESEARCHED_INCONCLUSIVE,false
237,6be3b368-8846-54b0-8a67-7cd6c2566d45,BMW,M3 Touring,2026,Competition M xDrive,Hatchback,GASOLINE,Automatic,AWD,P1_PRIMARY_SOURCE_ACCESS,11,1,ACCESS_REVIEW_REQUIRED,NONE,0,OM-SRC-BMW-USA-VIN,https://www.bmwusa.com/owners-manuals.html,0,0,false,false,false,0,0,0,RESEARCHED_INCONCLUSIVE,false
238,6cb56615-37ef-51a8-9202-a73e59d4e14b,BYD,DOLPHIN,2025,Comfort,Hatchback,BEV,Single-speed automatic,FWD,P0_MANUAL_BYTES_OR_EXACT_EQUIPMENT,20,1,EXTRACTED,NONE,5,OM-SRC-BYD-EU|OM-ART-BYD-DOLPHIN-TR,https://www.byd.com/eu/service-maintenance/owners-manual|https://www.byd.com/material/byd-site/eu/support/service/manual/20241025/BYD%20DOLPHIN%20Kullan%C4%B1m%20K%C4%B1lavuzu-Soldan%20Direksiyon-TR.pdf,5,0,false,true,true,33,6,0,FAMILY_SCOPED_RETAINED,true
239,6cd2d80c-4b70-5036-9001-5efb236521d8,Citroën,ë-C4,2026,Max 115 kW,Hatchback,BEV,Single-speed reduction gear,FWD,P1_EXACT_TRIM_APPLICABILITY,25,1,EXTRACTED,NONE,8,OM-SRC-CITROEN-SERVICE|OM-ART-CITROEN-C4-C4X-2022-EN-GB,https://service.citroen.com/ACddb/|https://service.citroen.com/ACddb/modeles/c4.c41/eGuide_c41_ed01-22_dag/pdfs/9999_9999_450_en-GB.pdf,0,8,false,false,false,0,0,0,FAMILY_SCOPED_RETAINED,false
240,6d1811cf-fa8c-567a-bd8f-b81381f7b5aa,Fiat,Egea Sedan,2026,Easy 1.6 MultiJet 130 DCT,Sedan,DIESEL,6-speed dual-clutch automatic,FWD,P1_EXACT_TRIM_APPLICABILITY,19,1,EXTRACTED,NONE,11,OM-SRC-FIAT-ELUM|OM-ART-FIAT-EGEA-CROSS-TIPO-2022-EN|OM-ART-FIAT-EGEA-SEDAN-TIPO-2018-EN,https://aftersales.fiat.com/eLum/|https://aftersales.fiat.com/eLumData/EN/00/357_TIPO5P/00_357_TIPO5P_603.85.782_EN_02_11.22_L_LG/00_357_TIPO5P_603.85.782_EN_02_11.22_L_LG.pdf|https://aftersales.fiat.com/eLumData/EN/00/356_TIPO/00_356_TIPO_603.91.682_EN_01_06.18_L_LG/00_356_TIPO_603.91.682_EN_01_06.18_L_LG.pdf,0,7,false,false,false,0,0,0,FAMILY_SCOPED_RETAINED,false
241,6d6883a0-b2ba-5f73-b5aa-7e525c4329d7,Volvo,XC60,2026,B5 Plus,SUV,MHEV,8-speed automatic,AWD,P1_EXACT_TRIM_APPLICABILITY,19,1,EXTRACTED,NONE,1,OM-SRC-VOLVO-UK|OM-ART-VOLVO-XC60-2020-ROOF-LOAD-EN-UK-HTML,https://www.volvocars.com/uk/support/car/|https://www.volvocars.com/uk/support/car/xc60/18w46/article/c58a249ac7f9b50ac0a81f6f4effe09e/d063561fc7fa1cadc0a81f6f7f4c4583/35dc4a31a22d827dc0a8015115b1c0e7/,0,1,false,false,false,0,0,0,FAMILY_SCOPED_RETAINED,false
242,6d6c0805-8779-5764-a42a-48850990a60c,Audi,A8 L,2026,50 TDI quattro,Sedan,DIESEL,8-speed automatic,AWD,P1_PRIMARY_SOURCE_ACCESS,19,1,ACCESS_REVIEW_REQUIRED,NONE,0,OM-SRC-AUDI-VIN,https://ownersmanual.audi.com/,0,0,false,false,false,0,0,0,RESEARCHED_INCONCLUSIVE,false
243,6db4330b-662d-501c-9ee6-a4edafdebadc,BMW,7 Serisi Sedan,2026,740d xDrive,Sedan,DIESEL,Automatic,AWD,P1_PRIMARY_SOURCE_ACCESS,11,1,ACCESS_REVIEW_REQUIRED,NONE,0,OM-SRC-BMW-USA-VIN,https://www.bmwusa.com/owners-manuals.html,0,0,false,false,false,0,0,0,RESEARCHED_INCONCLUSIVE,false
244,6dfa55a6-6e44-5543-98a4-dfa2571d7aff,Opel,Grandland Electric,2026,GS 73 kWh,SUV,BEV,Single-speed automatic,FWD,P1_EXACT_TRIM_APPLICABILITY,20,1,EXTRACTED,NONE,7,OM-SRC-OPEL-TR|OM-ART-OPEL-GRANDLAND-B-2025-CA,https://www.opel.com.tr/owners/manuals.html|https://public-servicebox.opel.com/OVddb/OV/ca_ES/Grandland_B/2024_2029/2025_04/manual_user/OGRANBO2504ca-1_online.pdf,0,7,false,false,false,0,0,0,FAMILY_SCOPED_RETAINED,false
245,6e8532f3-e2d0-5986-95b3-aa3a890012b7,SEAT,Arona,2026,Style 1.0 EcoTSI 115 DSG,SUV,GASOLINE,7-speed dual-clutch automatic,FWD,P1_EXACT_TRIM_APPLICABILITY,19,1,EXTRACTED,NONE,9,OM-SRC-SEAT-GLOBAL|OM-ART-SEAT-ARONA-2022-EN,https://www.seat.com/owners/about-my-car/manuals|https://www.seat.com/datamanual-manual/arona/my23_w45/en-uk/ARONA_11_22_EN.pdf,0,9,false,false,false,0,0,0,FAMILY_SCOPED_RETAINED,false
246,6f0ed889-1fb6-5bfd-8ec6-f8acfaaf77d0,Fiat,E-Doblo Cargo,2026,Maxi 50 kWh,Panel Van,BEV,Single-speed automatic,FWD,P1_EXACT_TRIM_APPLICABILITY,22,1,EXTRACTED,NONE,3,OM-SRC-FIAT-ELUM|OM-ART-FIAT-E-DOBLO-CARGO-2026-EN,https://aftersales.fiat.com/eLum/|https://www.fiatprofessional.com/doblo/new-doblo/packs,0,3,false,false,false,0,0,0,FAMILY_SCOPED_RETAINED,false
247,6f417b15-1274-5658-b81e-fd812658e950,Citroën,C4 X Hybrid 145,2026,Max 1.2 Hybrid 145 eDCS6,Sedan,MHEV,6-speed dual-clutch automatic,FWD,P1_EXACT_TRIM_APPLICABILITY,23,1,EXTRACTED,NONE,8,OM-SRC-CITROEN-SERVICE|OM-ART-CITROEN-C4-C4X-2022-EN-GB,https://service.citroen.com/ACddb/|https://service.citroen.com/ACddb/modeles/c4.c41/eGuide_c41_ed01-22_dag/pdfs/9999_9999_450_en-GB.pdf,0,8,false,false,false,0,0,0,FAMILY_SCOPED_RETAINED,false
248,6f59ee33-2626-5981-be12-07592c241a0f,Audi,A6 Sportback e-tron,2026,performance,Liftback,BEV,Single-speed automatic,FWD,P1_PRIMARY_SOURCE_ACCESS,20,1,ACCESS_REVIEW_REQUIRED,NONE,0,OM-SRC-AUDI-VIN,https://ownersmanual.audi.com/,0,0,false,false,false,0,0,0,RESEARCHED_INCONCLUSIVE,false
249,6f5b3e79-38f9-504f-9867-4592c5e1da69,Volkswagen,Tayron,2026,Elegance 1.5 eTSI 150 DSG,SUV,MHEV,7-speed dual-clutch automatic,FWD,P1_PRIMARY_SOURCE_ACCESS,19,1,ACCESS_REVIEW_REQUIRED,NONE,0,OM-SRC-VW-VIN-TR,https://userguide.volkswagen.de/public/vin/login/tr_TR,0,0,false,false,false,0,0,0,RESEARCHED_INCONCLUSIVE,false
250,6f651a4b-8352-5731-858a-3634f1a80166,CUPRA,Formentor,2026,VZ-Line 1.5 eTSI ACT 150 PS DSG,SUV,MHEV,7-speed dual-clutch automatic,FWD,P1_EXACT_TRIM_APPLICABILITY,23,1,EXTRACTED,NONE,9,OM-SRC-CUPRA-UK|OM-ART-CUPRA-FORMENTOR-2021-EN,https://www.cupraofficial.com/owners/cupra-car-model-manuals.html|https://www.cupraofficial.com/content/dam/public/cupra-website/owners/cupra-car-model-manuals/brochures/CUPRA_FORMENTOR_06_21_EN.pdf,0,9,false,false,false,0,0,0,FAMILY_SCOPED_RETAINED,false
251,70752653-c340-5f89-8296-c7785599c8d5,BMW,i5 Sedan,2026,eDrive40,Sedan,BEV,Single-speed automatic,RWD,P1_PRIMARY_SOURCE_ACCESS,18,1,ACCESS_REVIEW_REQUIRED,NONE,0,OM-SRC-BMW-USA-VIN,https://www.bmwusa.com/owners-manuals.html,0,0,false,false,false,0,0,0,RESEARCHED_INCONCLUSIVE,false
252,7221efa7-54c5-530a-84ae-2e5ff36413f8,Nissan,Qashqai,2026,Designpack Mild Hybrid,SUV,MHEV,X-Tronic automatic,FWD,P1_EXACT_TRIM_APPLICABILITY,19,1,EXTRACTED,NONE,7,OM-SRC-NISSAN-UK|OM-ART-NISSAN-QASHQAI-2025-EN-MT,https://www.nissan.co.uk/owners/car-repair/car-owner-manual/all-manuals/iom.shtml|https://libs-europe.nissan-cdn.net/nissan-prod-iom/mt/en/qashqaiepower_hj12_e1_2025/pdf/om25en-hj12e1eur.pdf,0,7,false,false,false,0,0,0,FAMILY_SCOPED_RETAINED,false
253,72551e5c-1b42-5c86-b3cc-fa21b92a7b62,Rolls-Royce,Spectre,2026,Spectre Series II,Coupe,BEV,Single-speed automatic,AWD,P1_PRIMARY_SOURCE_ACCESS,20,1,ACCESS_REVIEW_REQUIRED,NONE,0,OM-SRC-ACCESS-REVIEW-20,https://www.rolls-roycemotorcars.com/en_GB/ownership.html,0,0,false,false,false,0,0,0,RESEARCHED_INCONCLUSIVE,false
254,733e13d4-f0d1-5ad0-9eac-a158d23e58c7,Togg,T10X,2026,V1 RWD Uzun Menzil,SUV,BEV,Single-speed automatic,FWD,P1_EXACT_TRIM_APPLICABILITY,20,1,EXTRACTED,NONE,7,OM-SRC-TOGG-TR|OM-ART-TOGG-T10X-TR,https://www.togg.com.tr/digital-user-manual|https://trumore-cdn.togg.cloud/T10X_Kullanici_El_Kitabi_TR_TR.pdf,0,7,false,false,false,0,0,0,FAMILY_SCOPED_RETAINED,false
255,73740173-4fb6-56dd-bd1c-80f2f0fa2746,Porsche,718 Cayman,2026,Cayman,Coupe,GASOLINE,7-speed dual-clutch automatic,FWD,P1_PRIMARY_SOURCE_ACCESS,19,1,ACCESS_REVIEW_REQUIRED,NONE,0,OM-SRC-ACCESS-REVIEW-19,https://manual.porsche.com/,0,0,false,false,false,0,0,0,RESEARCHED_INCONCLUSIVE,false
256,73a8306e-487e-5c0b-84e0-b69d77eb4c53,Ford,Mustang Mach-E,2026,Premium Extended Range AWD,SUV,BEV,Single-speed automatic,AWD,P1_EXACT_TRIM_APPLICABILITY,20,1,EXTRACTED,NONE,6,OM-SRC-FORD-TR|OM-ART-FORD-MUSTANG-MACHE-2025-EN-US,https://www.fordservicecontent.com/Ford_Content/vdirsnet/OwnerManual/|https://www.fordservicecontent.com/Ford_Content/vdirsnet/OwnerManual/Home/Index?Variantid=10234&countryCode=USA&languageCode=EN,0,6,false,false,false,0,0,0,FAMILY_SCOPED_RETAINED,false
257,7460d274-ff68-5a23-8cb4-44a4b88499ac,KGM,Actyon,2026,1.5 Turbo 4x4 AT Sunroof,SUV,GASOLINE,6-speed automatic,AWD,P1_PRIMARY_SOURCE_ACCESS,19,1,ACCESS_REVIEW_REQUIRED,NONE,0,OM-SRC-ACCESS-REVIEW-13,https://www.kgm-motors.co.uk/faqs/,0,0,false,false,false,0,0,0,RESEARCHED_INCONCLUSIVE,false
258,74a34f58-abad-585e-bd56-6c320ba8fb5c,BYD,TANG,2025,Flagship,SUV,BEV,Single-speed automatic,AWD,P1_EXACT_TRIM_APPLICABILITY,20,1,EXTRACTED,NONE,7,OM-SRC-BYD-EU|OM-ART-BYD-TANG-2025-EN,https://www.byd.com/eu/service-maintenance/owners-manual|https://www.byd.com/material/byd-site/eu/support/service/manual/20250813/BYD%20TANG%20Owner%27s%20Manual-EN-20250812.pdf,0,7,false,false,false,0,0,0,FAMILY_SCOPED_RETAINED,false
259,74a6ac53-d07c-5879-a208-38882fdcfbfa,DS Automobiles,DS 7,2026,Pallas BlueHDi 130 EAT8,SUV,DIESEL,8-speed automatic,FWD,P1_PRIMARY_SOURCE_ACCESS,19,1,ACCESS_REVIEW_REQUIRED,NONE,0,OM-SRC-ACCESS-REVIEW-07,https://service.dsautomobiles.com/,0,0,false,false,false,0,0,0,RESEARCHED_INCONCLUSIVE,false
260,7509a98c-893f-5f79-ae42-b3003829f832,Chery,TIGGO7,2026,Prestige 4x2 1.6 TGDI 145hp 7DCT,SUV,GASOLINE,7-speed automatic DCT,FWD,P1_PRIMARY_SOURCE_ACCESS,24,1,ACCESS_REVIEW_REQUIRED,NONE,0,OM-SRC-ACCESS-REVIEW-05,https://www.cherytr.com/,0,0,false,false,false,0,0,0,RESEARCHED_INCONCLUSIVE,false
261,7621ace5-0a25-503c-868f-9a19146b3b58,Tesla,Model Y,2026,Arkadan Çekiş,SUV,BEV,Single-speed automatic,FWD,P1_EXACT_TRIM_APPLICABILITY,20,1,EXTRACTED,NONE,2,OM-SRC-TESLA-EU|OM-ART-TESLA-MODELY-2025-CARGO-EN-PH-HTML,https://www.tesla.com/ownersmanual/|https://www.tesla.com/ownersmanual/modely/en_ph/GUID-3667D28B-5B3B-49CE-A1C1-3D70AC60D9F6.html,0,2,false,false,false,0,0,0,FAMILY_SCOPED_RETAINED,false
262,7626ea2a-8056-5ba0-8b4d-56a47adba73d,Suzuki,Vitara,2026,GLX Premium 1.4 MHEV 6AT,SUV,MHEV,6-speed automatic,FWD,P1_PRIMARY_SOURCE_ACCESS,19,1,ACCESS_REVIEW_REQUIRED,NONE,0,OM-SRC-ACCESS-REVIEW-22,https://cars.suzuki.co.uk/owners/,0,0,false,false,false,0,0,0,RESEARCHED_INCONCLUSIVE,false
263,76b1c771-4355-5a80-bb70-d827885c342b,Citroën,C4 Hybrid 145,2026,You 1.2 Hybrid 145 eDCS6,Hatchback,MHEV,6-speed dual-clutch automatic,FWD,P1_EXACT_TRIM_APPLICABILITY,23,1,EXTRACTED,NONE,8,OM-SRC-CITROEN-SERVICE|OM-ART-CITROEN-C4-C4X-2022-EN-GB,https://service.citroen.com/ACddb/|https://service.citroen.com/ACddb/modeles/c4.c41/eGuide_c41_ed01-22_dag/pdfs/9999_9999_450_en-GB.pdf,0,8,false,false,false,0,0,0,FAMILY_SCOPED_RETAINED,false
264,786724ef-1a07-5888-9e78-3ffe22635e60,Hyundai,i20,2026,1.0 T-GDI 90PS DCT Jump (GSR2C & E-Call),Hatchback,GASOLINE,7-speed dual-clutch automatic,FWD,P1_EXACT_TRIM_APPLICABILITY,39,1,EXTRACTED,NONE,7,OM-SRC-HYUNDAI-UK|OM-ART-HYUNDAI-I20-MY25-EN-GB,https://www.hyundai.com/uk/en/owners/owning-a-hyundai/owners-manuals.html|https://dmassets.hyundai.com/is/content/hyundaiautoever/i20_MY25pdf,0,7,false,false,false,0,0,0,FAMILY_SCOPED_RETAINED,false
265,787f8f77-5cc6-5754-a0cb-fcda90544028,Kia,Stonic,2026,Cool 1.0 T-GDI 100 DCT,SUV,GASOLINE,7-speed dual-clutch automatic,FWD,P1_EXACT_TRIM_APPLICABILITY,19,1,EXTRACTED,NONE,6,OM-SRC-KIA-ITALY|OM-ART-KIA-STONIC-2022-IT,https://www.kia.com/it/service/warranty-guides/kia-owners-manual-and-guides/|https://www.kia.com/content/dam/kwcms/kme/it/it/assets/contents/service/manuali-uso-manutenzione/2022/Stonic-manuale-manutenzione.pdf,0,6,false,false,false,0,0,0,FAMILY_SCOPED_RETAINED,false
266,788fc6b4-22e7-5dcd-babf-d33e934cea29,Peugeot,Traveller,2026,Business VIP Long 2.2 180 EAT8,Passenger Van,DIESEL,8-speed automatic,FWD,P1_EXACT_TRIM_APPLICABILITY,16,1,EXTRACTED,NONE,9,OM-SRC-PEUGEOT-SERVICEBOX|OM-ART-PEUGEOT-EXPERT-TRAVELLER-2025-EN,https://public.servicebox.peugeot.com/APddb/|https://public.servicebox.peugeot.com/APddb/modeles/expert/expert_expert3vu/ed05-25/en_us/PEXTRCO2505en-1.pdf,0,9,false,false,false,0,0,0,FAMILY_SCOPED_RETAINED,false
267,7892b355-44bd-5008-be87-7f25ad1c90d6,Dacia,Logan,2026,journey Eco-G 120 EDC,Sedan,LPG,6-speed dual-clutch automatic,FWD,P1_EXACT_TRIM_APPLICABILITY,19,1,EXTRACTED,NONE,5,OM-SRC-DACIA-GLOBAL|OM-ART-DACIA-LOGAN-2026-SL,https://www.user-manual.dacia.com/en|https://www.user-manual.dacia.com/sites/dacia/files/GUI_NU_DAC_XJI_1687_1_0_LHD-RHD_PRNT-sl-SI.pdf,0,5,false,false,false,0,0,0,FAMILY_SCOPED_RETAINED,false
268,78ff0729-83b9-5384-98b4-19dd7e56d9fc,Audi,Q8,2026,S line 50 TDI quattro,Fastback SUV,DIESEL,8-speed automatic,AWD,P1_PRIMARY_SOURCE_ACCESS,19,1,ACCESS_REVIEW_REQUIRED,NONE,0,OM-SRC-AUDI-VIN,https://ownersmanual.audi.com/,0,0,false,false,false,0,0,0,RESEARCHED_INCONCLUSIVE,false
269,79d50f94-5507-5b2e-bd11-3890cbb9deda,Land Rover,Range Rover,2026,SWB Autobiography P460e,SUV,PHEV,8-speed automatic,AWD,P1_EXACT_TRIM_APPLICABILITY,21,1,EXTRACTED,NONE,6,OM-SRC-LAND-ROVER-IGUIDE|OM-ART-LAND-ROVER-RANGE-ROVER-2025-WARNING-LAMPS-EN,https://www.ownerinfo.landrover.com/|https://www.ownerinfo.landrover.com/document/3K/2025/1732281/proc/G2899571/G3305392,0,6,false,false,false,0,0,0,FAMILY_SCOPED_RETAINED,false
270,7a776adb-4de5-5719-b596-f12dd9401236,Citroën,C4 X Hybrid 145,2026,You 1.2 Hybrid 145 eDCS6,Sedan,MHEV,6-speed dual-clutch automatic,FWD,P1_EXACT_TRIM_APPLICABILITY,23,1,EXTRACTED,NONE,8,OM-SRC-CITROEN-SERVICE|OM-ART-CITROEN-C4-C4X-2022-EN-GB,https://service.citroen.com/ACddb/|https://service.citroen.com/ACddb/modeles/c4.c41/eGuide_c41_ed01-22_dag/pdfs/9999_9999_450_en-GB.pdf,0,8,false,false,false,0,0,0,FAMILY_SCOPED_RETAINED,false
271,7aa1ffd9-53f3-5e3a-a900-c84fc5b0cb53,BMW,i5 Touring,2026,M60 xDrive,Hatchback,BEV,Single-speed automatic,AWD,P1_PRIMARY_SOURCE_ACCESS,18,1,ACCESS_REVIEW_REQUIRED,NONE,0,OM-SRC-BMW-USA-VIN,https://www.bmwusa.com/owners-manuals.html,0,0,false,false,false,0,0,0,RESEARCHED_INCONCLUSIVE,false
272,7b092531-17f0-5815-abce-f750cfa37525,KGM,Torres,2026,1.5 Turbo 4x2 AT,SUV,GASOLINE,6-speed automatic,FWD,P1_PRIMARY_SOURCE_ACCESS,19,1,ACCESS_REVIEW_REQUIRED,NONE,0,OM-SRC-ACCESS-REVIEW-13,https://www.kgm-motors.co.uk/faqs/,0,0,false,false,false,0,0,0,RESEARCHED_INCONCLUSIVE,false
273,7bb560c3-c5e8-56cd-a43c-1a4272a5c7d5,BYD,SEAL U DM-i,2026,Design,SUV,PHEV,Automatic (e-CVT),FWD,P1_EXACT_TRIM_APPLICABILITY,22,1,EXTRACTED,NONE,12,OM-SRC-BYD-EU|OM-ART-BYD-SEAL-TR|OM-ART-BYD-SEAL-U-DMI-TR,https://www.byd.com/eu/service-maintenance/owners-manual|https://www.byd.com/material/byd-site/eu/support/service/manual/20250219/BYD%20SEAL%20Kullan%C4%B1m%20K%C4%B1lavuzu-Soldan%20Direksiyon-TR.pdf|https://www.byd.com/material/byd-site/eu/support/service/manual/20241107/seal-u-dmi/BYD%20SEAL%20U%20DM-i%20Kullan%C4%B1m%20K%C4%B1lavuzu-Soldan%20Direksiyon-TR.pdf,0,6,false,false,false,0,0,0,FAMILY_SCOPED_RETAINED,false
274,7c0114c4-99f4-5f39-bfea-0a2929fcbc8e,MG,MGS5 EV,2026,Luxury Long Range,SUV,BEV,Single-speed automatic,FWD,P1_EXACT_TRIM_APPLICABILITY,20,1,EXTRACTED,NONE,6,OM-SRC-MG-EU|OM-ART-MG-MGS5-CA,https://www.mgmotor.eu/owners/manuals|https://cdn.mgmotor.eu/images/hero-image/Manual-Usuario-MGS5_Cat.pdf,0,6,false,false,false,0,0,0,FAMILY_SCOPED_RETAINED,false
275,7ca313b8-1f1b-5adc-9f8b-0a8711b4ca5c,Citroën,ë-C5 Aircross,2026,Plus 157 kW,SUV,BEV,Single-speed reduction gear,FWD,P1_EXACT_TRIM_APPLICABILITY,25,1,EXTRACTED,NONE,8,OM-SRC-CITROEN-SERVICE|OM-ART-CITROEN-C5-AIRCROSS-2025-EN,https://service.citroen.com/ACddb/|https://service.citroen.com/ACddb/modeles/c5ac.cr3/cr3/ed07-25/en_us/CC5ACBO2507en-1.pdf,0,8,false,false,false,0,0,0,FAMILY_SCOPED_RETAINED,false
276,7cb92413-e5c4-5350-bade-6819ecd13d2f,Audi,Q4 e-tron,2026,45 e-tron,SUV,BEV,Single-speed automatic,FWD,P1_PRIMARY_SOURCE_ACCESS,20,1,ACCESS_REVIEW_REQUIRED,NONE,0,OM-SRC-AUDI-VIN,https://ownersmanual.audi.com/,0,0,false,false,false,0,0,0,RESEARCHED_INCONCLUSIVE,false
277,7cdf0a57-f607-5feb-8209-b09f714c597d,BYD,SEAL,2025,Design,Sedan,BEV,Single-speed automatic,RWD,P1_EXACT_TRIM_APPLICABILITY,20,1,EXTRACTED,NONE,25,OM-SRC-BYD-EU|OM-ART-BYD-SEAL-TR|OM-ART-BYD-SEAL-U-DMI-TR|OM-ART-BYD-SEAL-U-EV-TR|OM-ART-BYD-SEALION7-TR,https://www.byd.com/eu/service-maintenance/owners-manual|https://www.byd.com/material/byd-site/eu/support/service/manual/20250219/BYD%20SEAL%20Kullan%C4%B1m%20K%C4%B1lavuzu-Soldan%20Direksiyon-TR.pdf|https://www.byd.com/material/byd-site/eu/support/service/manual/20241107/seal-u-dmi/BYD%20SEAL%20U%20DM-i%20Kullan%C4%B1m%20K%C4%B1lavuzu-Soldan%20Direksiyon-TR.pdf|https://www.byd.com/material/byd-site/eu/support/service/manual/20241030/seal-u-ev/BYD%20SEAL%20U%20EV%20Kullan%C4%B1m%20K%C4%B1lavuzu-Soldan%20Direksiyon-TR.pdf|https://www.byd.com/material/sealion-7/BYD%20SEALION%207%20Kullan%C4%B1m%20K%C4%B1lavuzu-Soldan%20Direksiyon-20260306-TR.pdf,0,7,false,false,false,0,0,0,FAMILY_SCOPED_RETAINED,false
278,7dea2cfa-3118-53f1-8f5e-60dc636e52e4,Hyundai,IONIQ 5,2026,160 kW Advance,SUV,BEV,Single-speed reduction gear,RWD,P1_EXACT_TRIM_APPLICABILITY,37,1,EXTRACTED,NONE,14,OM-SRC-HYUNDAI-UK|OM-ART-HYUNDAI-IONIQ5-MY25-EN-GB|OM-ART-HYUNDAI-IONIQ5N-MY25-EN-GB,https://www.hyundai.com/uk/en/owners/owning-a-hyundai/owners-manuals.html|https://dmassets.hyundai.com/is/content/hyundaiautoever/IONIQ_5_PE_MY25pdf|https://dmassets.hyundai.com/is/content/hyundaiautoever/IONIQ_5N_MY25pdf,0,7,false,false,false,0,0,0,FAMILY_SCOPED_RETAINED,false
279,7e1c8402-5fe6-5935-bc4c-9d0653456636,Chery,TIGGO8,2026,Prestige 1.6 TGDI 145hp 7DCT,SUV,GASOLINE,7-speed automatic DCT,FWD,P1_PRIMARY_SOURCE_ACCESS,24,1,ACCESS_REVIEW_REQUIRED,NONE,0,OM-SRC-ACCESS-REVIEW-05,https://www.cherytr.com/,0,0,false,false,false,0,0,0,RESEARCHED_INCONCLUSIVE,false
280,7e4b9d42-ff67-50a2-9f57-40dd9d291fdf,CUPRA,Leon,2026,VZ-Line 1.5 eTSI ACT 150 PS DSG,Hatchback,MHEV,7-speed dual-clutch automatic,FWD,P1_EXACT_TRIM_APPLICABILITY,23,1,EXTRACTED,NONE,9,OM-SRC-CUPRA-UK|OM-ART-CUPRA-LEON-2022-EN,https://www.cupraofficial.com/owners/cupra-car-model-manuals.html|https://www.cupraofficial.com/content/dam/public/cupra-website/owners/cupra-manuals/brochures/cupra-leon/CUPRA_LEO_from_NOVEMBER_2022_English.pdf,0,9,false,false,false,0,0,0,FAMILY_SCOPED_RETAINED,false
281,7e840998-8c00-5bf1-9d27-5463a59c5552,Rolls-Royce,Ghost,2026,Ghost,Sedan,GASOLINE,8-speed automatic,AWD,P1_PRIMARY_SOURCE_ACCESS,19,1,ACCESS_REVIEW_REQUIRED,NONE,0,OM-SRC-ACCESS-REVIEW-20,https://www.rolls-roycemotorcars.com/en_GB/ownership.html,0,0,false,false,false,0,0,0,RESEARCHED_INCONCLUSIVE,false
282,7e88adde-05ce-5c65-b603-039b5eae70a7,Audi,Q5 Sportback,2026,S line 40 TDI quattro,Fastback SUV,DIESEL,7-speed dual-clutch automatic,AWD,P1_PRIMARY_SOURCE_ACCESS,19,1,ACCESS_REVIEW_REQUIRED,NONE,0,OM-SRC-AUDI-VIN,https://ownersmanual.audi.com/,0,0,false,false,false,0,0,0,RESEARCHED_INCONCLUSIVE,false
283,7e9e1e11-67ec-5b1f-8ca1-b73fd107f155,KGM,Torres EVX,2026,4x2 Telematik 73.4 kWh,SUV,BEV,Single-speed automatic,FWD,P1_PRIMARY_SOURCE_ACCESS,20,1,ACCESS_REVIEW_REQUIRED,NONE,0,OM-SRC-ACCESS-REVIEW-13,https://www.kgm-motors.co.uk/faqs/,0,0,false,false,false,0,0,0,RESEARCHED_INCONCLUSIVE,false
284,7f1dd322-5792-52c2-b30d-6debb119d306,Ferrari,Amalfi,2026,3.9 V8 DCT,Coupe,GASOLINE,8-speed dual-clutch automatic,RWD,P1_PRIMARY_SOURCE_ACCESS,17,1,ACCESS_REVIEW_REQUIRED,NONE,0,OM-SRC-ACCESS-REVIEW-08,https://www.ferrari.com/en-EN/auto/owners,0,0,false,false,false,0,0,0,RESEARCHED_INCONCLUSIVE,false
285,7f24f22e-cf61-58b5-8dba-714656501e22,Ford,Transit,2026,Tek Kabin Şasi 350 L4 165,Chassis Cab,DIESEL,6-speed manual,FWD,P1_EXACT_TRIM_APPLICABILITY,17,1,EXTRACTED,NONE,31,OM-SRC-FORD-TR|OM-ART-FORD-COURIER-2023-EN|OM-ART-FORD-E-COURIER-2026-CHARGING-ES-HTML|OM-ART-FORD-TRANSIT-2026-EN-AUS|OM-ART-FORD-TRANSIT-CONNECT-ES-HTML|OM-ART-FORD-TRANSIT-CUSTOM-2026-EN-GB,https://www.fordservicecontent.com/Ford_Content/vdirsnet/OwnerManual/|https://www.fordservicecontent.com/Ford_Content/Catalog/owner_information/CG3971en-202306-20231123122042.pdf|https://www.fordservicecontent.com/Ford_Content/vdirsnet/OwnerManual/Home/Content?ProcUid=G2420491&Uid=G2407071&buildtype=web&countryCode=ESP&div=f&languageCode=es&moidRef=G2355816&userMarket=USA&vFilteringEnabled=False&variantid=10025|https://www.fordservicecontent.com/Ford_Content/Catalog/owner_information/CG3797en-202509-20250922100228.pdf|https://www.fordservicecontent.com/Ford_Content/vdirsnet/OwnerManual/Home/Index?VIN=&Variantid=3396&bookcode=O26759&buildtype=web&countryCode=ESP&div=f&languageCode=ES&marketCode=ES&userMarket=esp|https://www.fordservicecontent.com/Ford_Content/Catalog/owner_information/CG3964en-202509-20250910123628.pdf,0,18,false,false,false,0,0,0,FAMILY_SCOPED_RETAINED,false
286,7fd17606-46a4-50c6-b90f-7276075db640,MG,E-HS,2026,PHEV Luxury,SUV,PHEV,Automatic,FWD,P1_EXACT_TRIM_APPLICABILITY,21,1,EXTRACTED,NONE,13,OM-SRC-MG-EU|OM-ART-MG-EHS-2023-ES|OM-ART-MG-HS-ES,https://www.mgmotor.eu/owners/manuals|https://cdn.mgmotor.eu/images/hero-image/EHS-2023_Manual-Usuario.pdf|https://cdn.mgmotor.eu/images/hero-image/Manual-Propietario-HS-ICE-PHEV-ES.pdf,0,8,false,false,false,0,0,0,FAMILY_SCOPED_RETAINED,false
287,80b896b3-1987-530d-a494-e3d73eb1b474,Renault,Austral,2026,Esprit Alpine E-Tech Full Hybrid 200,SUV,HEV,Automatic,FWD,P1_EXACT_TRIM_APPLICABILITY,19,1,EXTRACTED,NONE,9,OM-SRC-RENAULT-GUIDE|OM-ART-RENAULT-AUSTRAL-2026-EN-GB,https://www.user-manual.renault.com/en|https://www.user-manual.renault.com/sites/renault/files/documents/2026-05/HHN_1424_4_en-GB%20%281%29.pdf,0,9,false,false,false,0,0,0,FAMILY_SCOPED_RETAINED,false
288,80c216aa-28ef-5b37-ba74-ba9580cb6828,Volkswagen,Touareg,2026,Elegance 3.0 TDI 286 4MOTION,SUV,DIESEL,8-speed automatic,AWD,P1_PRIMARY_SOURCE_ACCESS,19,1,ACCESS_REVIEW_REQUIRED,NONE,0,OM-SRC-VW-VIN-TR,https://userguide.volkswagen.de/public/vin/login/tr_TR,0,0,false,false,false,0,0,0,RESEARCHED_INCONCLUSIVE,false
289,8160b8e0-88fa-54e6-9828-2689df4033cd,BYD,SEALION 7,2026,Design,SUV,BEV,Single-speed automatic,RWD,P1_EXACT_TRIM_APPLICABILITY,20,1,EXTRACTED,NONE,13,OM-SRC-BYD-EU|OM-ART-BYD-SEAL-TR|OM-ART-BYD-SEALION7-TR,https://www.byd.com/eu/service-maintenance/owners-manual|https://www.byd.com/material/byd-site/eu/support/service/manual/20250219/BYD%20SEAL%20Kullan%C4%B1m%20K%C4%B1lavuzu-Soldan%20Direksiyon-TR.pdf|https://www.byd.com/material/sealion-7/BYD%20SEALION%207%20Kullan%C4%B1m%20K%C4%B1lavuzu-Soldan%20Direksiyon-20260306-TR.pdf,0,7,false,false,false,0,0,0,FAMILY_SCOPED_RETAINED,false
290,81684697-8283-53b5-8f52-0d359a477f91,DFSK,E5,2026,Trend PHEV,SUV,PHEV,E-CVT automatic,FWD,P1_PRIMARY_SOURCE_ACCESS,21,1,ACCESS_REVIEW_REQUIRED,NONE,0,OM-SRC-ACCESS-REVIEW-06,https://www.dfsk.com.tr/,0,0,false,false,false,0,0,0,RESEARCHED_INCONCLUSIVE,false
291,81713a1a-bc32-58db-9507-5f5971a43394,Maserati,GranTurismo,2026,Modena 3.0 V6 AWD,Coupe,GASOLINE,8-speed automatic,AWD,P1_PRIMARY_SOURCE_ACCESS,19,1,ACCESS_REVIEW_REQUIRED,NONE,0,OM-SRC-ACCESS-REVIEW-16,https://guides.maserati.com/,0,0,false,false,false,0,0,0,RESEARCHED_INCONCLUSIVE,false
292,8206ecf9-cce7-5ec2-bbe5-395b100eb972,Opel,Corsa,2026,Edition 1.2 Turbo 100 AT8,Hatchback,GASOLINE,8-speed automatic,FWD,P1_EXACT_TRIM_APPLICABILITY,19,1,EXTRACTED,NONE,8,OM-SRC-OPEL-TR|OM-ART-OPEL-CORSA-F-2025-CA,https://www.opel.com.tr/owners/manuals.html|https://public-servicebox.opel.com/OVddb/OV/ca_ES/Corsa_F/2023_2028/2025_05/manual_user/OCORSFO2505ca-1_online.pdf,0,8,false,false,false,0,0,0,FAMILY_SCOPED_RETAINED,false
293,82d670d8-fc16-5d18-8106-cfeb987c3fba,Alpine,A290,2026,GTS,Hatchback,BEV,Single-speed automatic,FWD,P1_PRIMARY_SOURCE_ACCESS,20,1,ACCESS_REVIEW_REQUIRED,NONE,0,OM-SRC-ACCESS-REVIEW-02,https://www.alpinecars.com/,0,0,false,false,false,0,0,0,RESEARCHED_INCONCLUSIVE,false
294,8332f9df-5df5-5626-9d5f-22fbed616a56,Hyundai,INSTER,2025,"84,5 kW Cross Advance",Hatchback,BEV,Single-speed reduction gear,FWD,P2_REMAINING_TECHNICAL_AND_EQUIPMENT_GAPS,38,1,EXTRACTED,NONE,5,OM-SRC-HYUNDAI-UK|OM-ART-HYUNDAI-INSTER-2025-TR,https://www.hyundai.com/uk/en/owners/owning-a-hyundai/owners-manuals.html|https://www.hyundai.com/content/dam/hyundai/tr/tr/data/marketing/manual/inster-ax-ev/2025/inster.pdf,2,3,true,false,true,2,2,0,EXACT_L9_BYTES_VERIFIED,true
295,838577a9-8a78-5c4d-a9c5-7a27fe450e7d,BMW,M4 Cabrio,2026,Competition M xDrive,Coupe,GASOLINE,Automatic,AWD,P1_PRIMARY_SOURCE_ACCESS,11,1,ACCESS_REVIEW_REQUIRED,NONE,0,OM-SRC-BMW-USA-VIN,https://www.bmwusa.com/owners-manuals.html,0,0,false,false,false,0,0,0,RESEARCHED_INCONCLUSIVE,false
296,83b88895-7d54-5042-b5c3-8edf4be3dbd9,Toyota,RAV4,2026,Passion X-Sport 2.5 Hybrid e-CVT AWD-i,SUV,HEV,CVT automatic,AWD,P1_EXACT_TRIM_APPLICABILITY,19,1,EXTRACTED,NONE,8,OM-SRC-TOYOTA-TR|OM-ART-TOYOTA-RAV4-HEV-2024-TR,https://kullanicielkitaplari.toyota.com.tr/|https://turkiye.toyota.com.tr/Files/KILAVUZ/RAV4_HYBRID/RAV4_OM9AE90T.pdf,0,8,false,false,false,0,0,0,FAMILY_SCOPED_RETAINED,false
297,840c7862-ffc8-5a5b-8ede-7646090f6b36,Volkswagen,Multivan,2026,Style eHybrid 245 4Motion,Passenger Van,PHEV,6-speed dual-clutch automatic,AWD,P1_PRIMARY_SOURCE_ACCESS,18,1,ACCESS_REVIEW_REQUIRED,NONE,0,OM-SRC-VW-VIN-TR,https://userguide.volkswagen.de/public/vin/login/tr_TR,0,0,false,false,false,0,0,0,RESEARCHED_INCONCLUSIVE,false
298,84b825bc-3de4-5a11-9d65-31094f71ccc5,MINI,Aceman,2026,E Favoured,SUV,BEV,Single-speed automatic,FWD,P1_PRIMARY_SOURCE_ACCESS,20,1,ACCESS_REVIEW_REQUIRED,NONE,0,OM-SRC-ACCESS-REVIEW-17,https://www.mini.com/en_MS/home/owners/mini-digital-manual.html,0,0,false,false,false,0,0,0,RESEARCHED_INCONCLUSIVE,false
299,85288e2d-0a1d-5379-b3d2-42f75b1f228b,Ford,Puma,2026,Titanium 1.0 EcoBoost Hybrid 125 Powershift,SUV,MHEV,7-speed dual-clutch automatic,FWD,P1_EXACT_TRIM_APPLICABILITY,19,1,EXTRACTED,NONE,9,OM-SRC-FORD-TR|OM-ART-FORD-PUMA-2026-EN-GB,https://www.fordservicecontent.com/Ford_Content/vdirsnet/OwnerManual/|https://www.fordservicecontent.com/Ford_Content/Catalog/owner_information/CG3980en-202507-20260212125750.pdf,0,9,false,false,false,0,0,0,FAMILY_SCOPED_RETAINED,false
300,8595a510-0cb1-5c31-aa88-8001a034baa3,Hongqi,HS5,2026,2.0 Turbo AWD,SUV,GASOLINE,8-speed automatic,AWD,P1_PRIMARY_SOURCE_ACCESS,19,1,ACCESS_REVIEW_REQUIRED,NONE,0,OM-SRC-ACCESS-REVIEW-09,https://www.hongqi-auto.com/,0,0,false,false,false,0,0,0,RESEARCHED_INCONCLUSIVE,false
301,864c08f0-7b6a-582e-a69c-cbd454503b13,Nissan,Juke,2026,N-Design Hybrid,SUV,HEV,Automatic,FWD,P1_EXACT_TRIM_APPLICABILITY,19,1,EXTRACTED,NONE,5,OM-SRC-NISSAN-UK|OM-ART-NISSAN-JUKE-2022-EN-IE,https://www.nissan.co.uk/owners/car-repair/car-owner-manual/all-manuals/iom.shtml|https://libs-europe.nissan-cdn.net/nissan-prod-iom/ie/en/juke-om_f16_en6_2019-present/pdf/juke-om_f16_en6_november-2022.pdf,0,5,false,false,false,0,0,0,FAMILY_SCOPED_RETAINED,false
302,86510fba-6150-5a41-a3ae-d05df2f5651e,Hyundai,KONA Elektrik,2025,99 kW Advance,SUV,BEV,Single-speed reduction gear,FWD,P1_EXACT_TRIM_APPLICABILITY,37,1,EXTRACTED,NONE,7,OM-SRC-HYUNDAI-UK|OM-ART-HYUNDAI-KONA-EV-EN-GB,https://www.hyundai.com/uk/en/owners/owning-a-hyundai/owners-manuals.html|https://dmassets.hyundai.com/is/content/hyundaiautoever/Kona+SX2+EVpdf,0,7,false,false,false,0,0,0,FAMILY_SCOPED_RETAINED,false
303,869c4830-f6fa-575d-870d-1ce7101c9365,Citroën,C4 Hybrid 145,2026,Max 1.2 Hybrid 145 eDCS6,Hatchback,MHEV,6-speed dual-clutch automatic,FWD,P1_EXACT_TRIM_APPLICABILITY,23,1,EXTRACTED,NONE,8,OM-SRC-CITROEN-SERVICE|OM-ART-CITROEN-C4-C4X-2022-EN-GB,https://service.citroen.com/ACddb/|https://service.citroen.com/ACddb/modeles/c4.c41/eGuide_c41_ed01-22_dag/pdfs/9999_9999_450_en-GB.pdf,0,8,false,false,false,0,0,0,FAMILY_SCOPED_RETAINED,false
304,86bec1c3-7166-52f7-8253-908486d76fcf,Porsche,Macan,2026,Electric,SUV,BEV,Single-speed automatic,FWD,P1_PRIMARY_SOURCE_ACCESS,20,1,ACCESS_REVIEW_REQUIRED,NONE,0,OM-SRC-ACCESS-REVIEW-19,https://manual.porsche.com/,0,0,false,false,false,0,0,0,RESEARCHED_INCONCLUSIVE,false
305,86c8dcf6-f343-5933-b1eb-98b6a2a69c8c,Lamborghini,Temerario,2026,4.0 V8 PHEV AWD,Coupe,PHEV,8-speed dual-clutch automatic,AWD,P1_PRIMARY_SOURCE_ACCESS,18,1,ACCESS_REVIEW_REQUIRED,NONE,0,OM-SRC-ACCESS-REVIEW-14,https://www.lamborghini.com/en-en/ownership,0,0,false,false,false,0,0,0,RESEARCHED_INCONCLUSIVE,false
306,87519baa-8eec-58b5-a0ea-9dc29cc9f013,KGM,Korando,2026,Platinum 1.6 Diesel 4x2 AT,SUV,DIESEL,6-speed automatic,FWD,P1_PRIMARY_SOURCE_ACCESS,19,1,ACCESS_REVIEW_REQUIRED,NONE,0,OM-SRC-ACCESS-REVIEW-13,https://www.kgm-motors.co.uk/faqs/,0,0,false,false,false,0,0,0,RESEARCHED_INCONCLUSIVE,false
307,87afd855-4f12-5ec4-b14d-752a4be47cd7,Citroën,ë-C4 X,2026,Max 115 kW,Sedan,BEV,Single-speed reduction gear,FWD,P1_EXACT_TRIM_APPLICABILITY,25,1,EXTRACTED,NONE,8,OM-SRC-CITROEN-SERVICE|OM-ART-CITROEN-C4-C4X-2022-EN-GB,https://service.citroen.com/ACddb/|https://service.citroen.com/ACddb/modeles/c4.c41/eGuide_c41_ed01-22_dag/pdfs/9999_9999_450_en-GB.pdf,0,8,false,false,false,0,0,0,FAMILY_SCOPED_RETAINED,false
308,87e30119-f0d5-4c98-8324-cbd65156974b,Hyundai,IONIQ 5,2026,125 kW Dynamic Visionroof,SUV,BEV,Single-speed reduction gear,RWD,P1_EXACT_TRIM_APPLICABILITY,37,1,EXTRACTED,NONE,14,OM-SRC-HYUNDAI-UK|OM-ART-HYUNDAI-IONIQ5-MY25-EN-GB|OM-ART-HYUNDAI-IONIQ5N-MY25-EN-GB,https://www.hyundai.com/uk/en/owners/owning-a-hyundai/owners-manuals.html|https://dmassets.hyundai.com/is/content/hyundaiautoever/IONIQ_5_PE_MY25pdf|https://dmassets.hyundai.com/is/content/hyundaiautoever/IONIQ_5N_MY25pdf,0,7,false,false,false,0,0,0,FAMILY_SCOPED_RETAINED,false
309,88e8284e-7ebc-5487-b421-b1a6861d23a6,BMW,5 Serisi Sedan,2026,520d xDrive,Sedan,DIESEL,Automatic,AWD,P1_PRIMARY_SOURCE_ACCESS,11,1,ACCESS_REVIEW_REQUIRED,NONE,0,OM-SRC-BMW-USA-VIN,https://www.bmwusa.com/owners-manuals.html,0,0,false,false,false,0,0,0,RESEARCHED_INCONCLUSIVE,false
310,89035e2b-e401-56b8-b184-d2c8ad9735a2,BMW,4 Serisi Coupe,2026,430i xDrive,Coupe,GASOLINE,Automatic,AWD,P1_PRIMARY_SOURCE_ACCESS,11,1,ACCESS_REVIEW_REQUIRED,NONE,0,OM-SRC-BMW-USA-VIN,https://www.bmwusa.com/owners-manuals.html,0,0,false,false,false,0,0,0,RESEARCHED_INCONCLUSIVE,false
311,89add1b2-8be5-5031-b63e-4b3d76b36b1d,Tesla,Model Y,2026,Performance Dört Çeker,SUV,BEV,Single-speed automatic,AWD,P1_EXACT_TRIM_APPLICABILITY,20,1,EXTRACTED,NONE,2,OM-SRC-TESLA-EU|OM-ART-TESLA-MODELY-2025-CARGO-EN-PH-HTML,https://www.tesla.com/ownersmanual/|https://www.tesla.com/ownersmanual/modely/en_ph/GUID-3667D28B-5B3B-49CE-A1C1-3D70AC60D9F6.html,0,2,false,false,false,0,0,0,FAMILY_SCOPED_RETAINED,false
312,8a1885cc-ce32-5294-9945-1d88c94a2fc6,Fiat,Scudo Kamyonet,2026,2.2 Multijet 150 6MT,Chassis Cab,DIESEL,6-speed manual,FWD,P1_EXACT_TRIM_APPLICABILITY,17,1,EXTRACTED,NONE,11,OM-SRC-FIAT-ELUM|OM-ART-FIAT-SCUDO-ESCUDO-2022-EN,https://aftersales.fiat.com/eLum/|https://aftersales.fiat.com/eLumData/EN/77/506_SCUDO/77_506_SCUDO_603.85.483_EN_01_01.22_L_LG/77_506_SCUDO_603.85.483_EN_01_01.22_L_LG.pdf,0,11,false,false,false,0,0,0,FAMILY_SCOPED_RETAINED,false
313,8a908ccc-0fce-5c03-ad9b-fac77cd87229,BMW,X2,2026,sDrive20i,SUV,MHEV,Automatic,FWD,P1_PRIMARY_SOURCE_ACCESS,11,1,ACCESS_REVIEW_REQUIRED,NONE,0,OM-SRC-BMW-USA-VIN,https://www.bmwusa.com/owners-manuals.html,0,0,false,false,false,0,0,0,RESEARCHED_INCONCLUSIVE,false
314,8aa8a437-f7ef-52d5-a8ff-8b286c3012df,Tesla,Model 3,2026,Long Range Arkadan Çekiş,Sedan,BEV,Single-speed automatic,FWD,P1_EXACT_TRIM_APPLICABILITY,20,1,EXTRACTED,NONE,3,OM-SRC-TESLA-EU|OM-ART-TESLA-MODEL3-2024-CAMERA-EN-US-HTML|OM-ART-TESLA-MODEL3-2024-ISOFIX-EN-US-HTML|OM-ART-TESLA-MODEL3-2024-LOAD-EN-US-HTML,https://www.tesla.com/ownersmanual/|https://www.tesla.com/ownersmanual/model3/en_us/GUID-3598EF55-6B1D-462B-88D8-704DB0896DD1.html|https://www.tesla.com/ownersmanual/model3/en_us/GUID-6E64482A-F5DC-4AF1-83B6-10987842DDFF.html|https://www.tesla.com/ownersmanual/model3/en_us/GUID-877ACE2D-B62F-4596-A6AD-A74F7905741C.html,0,3,false,false,false,0,0,0,FAMILY_SCOPED_RETAINED,false
315,8af2278c-4168-4a1b-a915-6b72b9cd6f48,Toyota,Corolla,2026,Vision Plus 1.5 125 HP Multidrive S,Sedan,GASOLINE,Multidrive S automatic,FWD,P1_EXACT_TRIM_APPLICABILITY,12,1,EXTRACTED,NONE,26,OM-SRC-TOYOTA-TR|OM-ART-TOYOTA-COROLLA-2026-TR|OM-ART-TOYOTA-COROLLA-CROSS-2025-TR|OM-ART-TOYOTA-COROLLA-HB-2026-TR|OM-ART-TOYOTA-COROLLA-HEV-2026-TR,https://kullanicielkitaplari.toyota.com.tr/|https://turkiye.toyota.com.tr/Files/KILAVUZ/COROLLA/Corolla_OM_OM9AL65T.pdf|https://turkiye.toyota.com.tr/Files/KILAVUZ/COROLLA%20CROSS%20HYBRID/CorollaCross_HEV_OM_OM9AK33T.pdf|https://turkiye.toyota.com.tr/Files/KILAVUZ/COROLLA_HB_HYBRID/Corolla_HB_Hybrid_OM_OM9AL73T.pdf|https://turkiye.toyota.com.tr/Files/KILAVUZ/COROLLA_HYBRID/Corolla_Hybrid_OM_OM9AL68T.pdf,0,9,false,false,false,0,0,0,FAMILY_SCOPED_RETAINED,false
316,8b473d46-20d9-5a44-9ad5-d0e890513346,Škoda,Kodiaq,2026,Sportline 2.0 TDI 193 DSG 4x4,SUV,DIESEL,7-speed dual-clutch automatic,AWD,P1_EXACT_TRIM_APPLICABILITY,19,1,EXTRACTED,NONE,2,OM-SRC-SKODA-GLOBAL|OM-ART-SKODA-KODIAQ-TECH-EN,https://manual.skoda-auto.com/001/en-mm/Models|https://cdn.skoda-storyboard.com/2022/04/TD-Kodiaq-en_eda330ec_6ec18a3e.pdf,0,2,false,false,false,0,0,0,FAMILY_SCOPED_RETAINED,false
317,8bab7cda-9130-573c-b7d5-4e879c2b69fc,BMW,4 Serisi Cabrio,2026,430i xDrive,Coupe,GASOLINE,Automatic,AWD,P1_PRIMARY_SOURCE_ACCESS,11,1,ACCESS_REVIEW_REQUIRED,NONE,0,OM-SRC-BMW-USA-VIN,https://www.bmwusa.com/owners-manuals.html,0,0,false,false,false,0,0,0,RESEARCHED_INCONCLUSIVE,false
318,8ca67d06-958c-5811-b2de-15c49efe65f0,Fiat,Egea Sedan,2026,Lounge 1.6 MultiJet 130 DCT,Sedan,DIESEL,6-speed dual-clutch automatic,FWD,P1_EXACT_TRIM_APPLICABILITY,19,1,EXTRACTED,NONE,11,OM-SRC-FIAT-ELUM|OM-ART-FIAT-EGEA-CROSS-TIPO-2022-EN|OM-ART-FIAT-EGEA-SEDAN-TIPO-2018-EN,https://aftersales.fiat.com/eLum/|https://aftersales.fiat.com/eLumData/EN/00/357_TIPO5P/00_357_TIPO5P_603.85.782_EN_02_11.22_L_LG/00_357_TIPO5P_603.85.782_EN_02_11.22_L_LG.pdf|https://aftersales.fiat.com/eLumData/EN/00/356_TIPO/00_356_TIPO_603.91.682_EN_01_06.18_L_LG/00_356_TIPO_603.91.682_EN_01_06.18_L_LG.pdf,0,7,false,false,false,0,0,0,FAMILY_SCOPED_RETAINED,false
319,8d6647fe-1878-5c34-9cf3-107fd3ffe1c0,Jaguar,I-PACE,2026,EV400 R-Dynamic HSE AWD,SUV,BEV,Single-speed automatic,AWD,P1_EXACT_TRIM_APPLICABILITY,20,1,EXTRACTED,NONE,1,OM-SRC-JAGUAR-IGUIDE|OM-ART-JAGUAR-I-PACE-2024-TAILGATE-EN,https://www.ownerinfo.jaguar.com/|https://www.ownerinfo.jaguar.com/document/4K/2024/1721605/proc/G4122261/G4122225,0,1,false,false,false,0,0,0,FAMILY_SCOPED_RETAINED,false
320,8dd53755-1f15-53cd-95d3-4a1feca5e763,Ford,Ranger,2026,Wildtrak 2.0 EcoBlue Bi-Turbo 4x4 AT,Pickup,DIESEL,10-speed automatic,AWD,P1_EXACT_TRIM_APPLICABILITY,17,1,EXTRACTED,NONE,9,OM-SRC-FORD-TR|OM-ART-FORD-RANGER-2025-EN-US,https://www.fordservicecontent.com/Ford_Content/vdirsnet/OwnerManual/|https://www.fordservicecontent.com/Ford_Content/Catalog/owner_information/2025_Ranger_P703_TRD_OM_ENG_V1.pdf,0,9,false,false,false,0,0,0,FAMILY_SCOPED_RETAINED,false
321,8efbe3f2-9281-5099-a52c-44db22d287ae,Fiat,Ducato Kamyonet,2026,L3 Tek Kabin 2.2 180,Chassis Cab,DIESEL,6-speed manual,FWD,P1_EXACT_TRIM_APPLICABILITY,17,1,EXTRACTED,NONE,10,OM-SRC-FIAT-ELUM|OM-ART-FIAT-DUCATO-2021-EN,https://aftersales.fiat.com/eLum/|https://aftersales.fiat.com/eLumData/EN/77/290_DUCATOMCA/77_290_DUCATOMCA_603.85.375_EN_05_10.21_L_LG/77_290_DUCATOMCA_603.85.375_EN_05_10.21_L_LG.pdf,0,10,false,false,false,0,0,0,FAMILY_SCOPED_RETAINED,false
322,8fad57d9-01cb-5573-9ad5-28b09c16ce2e,Audi,Q2,2026,35 TFSI S line,SUV,GASOLINE,7-speed dual-clutch automatic,FWD,P1_PRIMARY_SOURCE_ACCESS,19,1,ACCESS_REVIEW_REQUIRED,NONE,0,OM-SRC-AUDI-VIN,https://ownersmanual.audi.com/,0,0,false,false,false,0,0,0,RESEARCHED_INCONCLUSIVE,false
323,90e65f94-6fdb-5eea-ad7e-0b4e18435427,Nissan,Qashqai,2026,Platinum Premium e-POWER,SUV,HEV,Automatic,FWD,P1_EXACT_TRIM_APPLICABILITY,19,1,EXTRACTED,NONE,7,OM-SRC-NISSAN-UK|OM-ART-NISSAN-QASHQAI-2025-EN-MT,https://www.nissan.co.uk/owners/car-repair/car-owner-manual/all-manuals/iom.shtml|https://libs-europe.nissan-cdn.net/nissan-prod-iom/mt/en/qashqaiepower_hj12_e1_2025/pdf/om25en-hj12e1eur.pdf,0,7,false,true,true,32,0,0,FAMILY_SCOPED_RETAINED,false
324,9107f5d5-8148-5ac4-a856-5024361fb867,MINI,Cooper Electric,2026,SE Favoured,Hatchback,BEV,Single-speed automatic,FWD,P1_PRIMARY_SOURCE_ACCESS,20,1,ACCESS_REVIEW_REQUIRED,NONE,0,OM-SRC-ACCESS-REVIEW-17,https://www.mini.com/en_MS/home/owners/mini-digital-manual.html,0,0,false,false,false,0,0,0,RESEARCHED_INCONCLUSIVE,false
325,91447230-8be8-560c-860f-b4c51b25d8b9,Rolls-Royce,Cullinan,2026,Cullinan Series II,SUV,GASOLINE,8-speed automatic,AWD,P1_PRIMARY_SOURCE_ACCESS,19,1,ACCESS_REVIEW_REQUIRED,NONE,0,OM-SRC-ACCESS-REVIEW-20,https://www.rolls-roycemotorcars.com/en_GB/ownership.html,0,0,false,false,false,0,0,0,RESEARCHED_INCONCLUSIVE,false
326,91704b80-b3af-559c-ad11-7e9f8050be18,Fiat,Egea Sedan,2026,Urban 1.6 MultiJet 130 DCT,Sedan,DIESEL,6-speed dual-clutch automatic,FWD,P1_EXACT_TRIM_APPLICABILITY,19,1,EXTRACTED,NONE,11,OM-SRC-FIAT-ELUM|OM-ART-FIAT-EGEA-CROSS-TIPO-2022-EN|OM-ART-FIAT-EGEA-SEDAN-TIPO-2018-EN,https://aftersales.fiat.com/eLum/|https://aftersales.fiat.com/eLumData/EN/00/357_TIPO5P/00_357_TIPO5P_603.85.782_EN_02_11.22_L_LG/00_357_TIPO5P_603.85.782_EN_02_11.22_L_LG.pdf|https://aftersales.fiat.com/eLumData/EN/00/356_TIPO/00_356_TIPO_603.91.682_EN_01_06.18_L_LG/00_356_TIPO_603.91.682_EN_01_06.18_L_LG.pdf,0,7,false,false,false,0,0,0,FAMILY_SCOPED_RETAINED,false
327,91b362fb-b2ea-5502-849f-d5ad440e5e14,Bentley,Bentayga,2026,Azure V8,SUV,GASOLINE,8-speed automatic,AWD,P1_PRIMARY_SOURCE_ACCESS,19,1,ACCESS_REVIEW_REQUIRED,NONE,0,OM-SRC-ACCESS-REVIEW-04,https://www.bentleymotors.com/en/your-bentley.html,0,0,false,false,false,0,0,0,RESEARCHED_INCONCLUSIVE,false
328,91d4e4a4-4e98-585b-81b1-80989abd3446,BMW,M3 Sedan,2026,Competition M xDrive,Sedan,GASOLINE,Automatic,AWD,P1_PRIMARY_SOURCE_ACCESS,11,1,ACCESS_REVIEW_REQUIRED,NONE,0,OM-SRC-BMW-USA-VIN,https://www.bmwusa.com/owners-manuals.html,0,0,false,false,false,0,0,0,RESEARCHED_INCONCLUSIVE,false
329,91da3d5e-fb58-5d14-8b1a-fcd6ef2d986c,Audi,A5 Sedan,2026,Advanced 150 kW S tronic,Liftback,MHEV,7-speed dual-clutch automatic,FWD,P1_PRIMARY_SOURCE_ACCESS,19,1,ACCESS_REVIEW_REQUIRED,NONE,0,OM-SRC-AUDI-VIN,https://ownersmanual.audi.com/,0,0,false,false,false,0,0,0,RESEARCHED_INCONCLUSIVE,false
330,92d19320-3e22-5884-ae2e-f05cf77bc965,Land Rover,Discovery,2026,Dynamic HSE D350 7 Koltuk,SUV,MHEV,8-speed automatic,AWD,P1_EXACT_TRIM_APPLICABILITY,19,1,EXTRACTED,NONE,2,OM-SRC-LAND-ROVER-IGUIDE|OM-ART-LAND-ROVER-DISCOVERY-2024-SPEED-LIMITER-PT|OM-ART-LAND-ROVER-DISCOVERY-SPORT-2024-INTERIOR-LIGHTS-EN,https://www.ownerinfo.landrover.com/|https://www.ownerinfo.landrover.com/document/3D/2024/1697674/proc/G2546927/G3349174|https://www.ownerinfo.landrover.com/document/3A/2024/1706838/proc/G3425607/G3384674,0,2,false,false,false,0,0,0,FAMILY_SCOPED_RETAINED,false
331,92e04f47-e0ad-5eeb-a4cd-bab8ba53dce6,Jaguar,E-PACE,2026,D200 R-Dynamic SE AWD,SUV,MHEV,9-speed automatic,AWD,P1_EXACT_TRIM_APPLICABILITY,19,1,EXTRACTED,NONE,1,OM-SRC-JAGUAR-IGUIDE|OM-ART-JAGUAR-E-PACE-2024-BRAKING-EN,https://www.ownerinfo.jaguar.com/|https://www.ownerinfo.jaguar.com/document/4G/2024/1693052/proc/G3269633/G2630202,0,1,false,false,false,0,0,0,FAMILY_SCOPED_RETAINED,false
332,92ec1ee8-e612-5ccf-b6eb-6ae74a448224,Suzuki,Vitara,2026,GLX Premium AllGrip 1.4 MHEV 6AT,SUV,MHEV,6-speed automatic,AWD,P1_PRIMARY_SOURCE_ACCESS,19,1,ACCESS_REVIEW_REQUIRED,NONE,0,OM-SRC-ACCESS-REVIEW-22,https://cars.suzuki.co.uk/owners/,0,0,false,false,false,0,0,0,RESEARCHED_INCONCLUSIVE,false
333,932929fe-d06b-5200-a351-ba1048af06f9,BMW,2 Serisi Gran Coupe,2026,220,Sedan,MHEV,Automatic,FWD,P1_PRIMARY_SOURCE_ACCESS,11,1,ACCESS_REVIEW_REQUIRED,NONE,0,OM-SRC-BMW-USA-VIN,https://www.bmwusa.com/owners-manuals.html,0,0,false,false,false,0,0,0,RESEARCHED_INCONCLUSIVE,false
334,938a3cb7-6da8-55a5-bf63-5c62357e6161,MG,Cyberster,2026,GT AWD,Convertible,BEV,Single-speed automatic,AWD,P1_EXACT_TRIM_APPLICABILITY,20,1,EXTRACTED,NONE,2,OM-SRC-MG-EU|OM-ART-MG-CYBERSTER-ES,https://www.mgmotor.eu/owners/manuals|https://cdn.mgmotor.eu/images/hero-image/Manual-propietario-Cyberster-ES.pdf,0,2,false,false,false,0,0,0,FAMILY_SCOPED_RETAINED,false
335,93a91740-7b2f-5c5e-b1e4-5dd38319d064,Mercedes-Benz,EQB,2026,EQB 250+ AMG,SUV,BEV,Single-speed automatic,FWD,P1_EXACT_TRIM_APPLICABILITY,20,1,EXTRACTED,NONE,3,OM-SRC-MERCEDES-UK|OM-ART-MERCEDES-EQB-2024-EN,https://www.mercedes-benz.co.uk/passengercars/services/manuals.html|https://static.oneweb.mercedes-benz.com/css-oom-assets/en-is/pdf/mercedes-eqb-suv-2024-april-x243-mbux-owners-manual-1.pdf,0,3,false,false,false,0,0,0,FAMILY_SCOPED_RETAINED,false
336,93bc694e-eb79-51ce-9e4a-1f8da93df54c,BMW,X5,2026,xDrive40d,SUV,DIESEL,Automatic,AWD,P1_PRIMARY_SOURCE_ACCESS,11,1,ACCESS_REVIEW_REQUIRED,NONE,0,OM-SRC-BMW-USA-VIN,https://www.bmwusa.com/owners-manuals.html,0,0,false,false,false,0,0,0,RESEARCHED_INCONCLUSIVE,false
337,94288e7d-fa1a-5293-9450-68ae4dbe8243,Fiat,Egea Sedan,2026,Urban 1.6 MultiJet 130 6MT,Sedan,DIESEL,6-speed manual,FWD,P1_EXACT_TRIM_APPLICABILITY,19,1,EXTRACTED,NONE,11,OM-SRC-FIAT-ELUM|OM-ART-FIAT-EGEA-CROSS-TIPO-2022-EN|OM-ART-FIAT-EGEA-SEDAN-TIPO-2018-EN,https://aftersales.fiat.com/eLum/|https://aftersales.fiat.com/eLumData/EN/00/357_TIPO5P/00_357_TIPO5P_603.85.782_EN_02_11.22_L_LG/00_357_TIPO5P_603.85.782_EN_02_11.22_L_LG.pdf|https://aftersales.fiat.com/eLumData/EN/00/356_TIPO/00_356_TIPO_603.91.682_EN_01_06.18_L_LG/00_356_TIPO_603.91.682_EN_01_06.18_L_LG.pdf,0,7,false,false,false,0,0,0,FAMILY_SCOPED_RETAINED,false
338,949c75a2-032f-500d-aff2-9cf706ed261c,Mercedes-Benz,S-Serisi,2026,S 450 d 4MATIC L,Sedan,MHEV,9-speed automatic,AWD,P1_EXACT_TRIM_APPLICABILITY,19,1,EXTRACTED,NONE,3,OM-SRC-MERCEDES-UK|OM-ART-MERCEDES-S-CLASS-2024-EN,https://www.mercedes-benz.co.uk/passengercars/services/manuals.html|https://static.oneweb.mercedes-benz.com/css-oom-assets/en-do/pdf/mercedes-s-class-sedan-2024-september-w223-mbux-owners-manual-1.pdf,0,3,false,false,false,0,0,0,FAMILY_SCOPED_RETAINED,false
339,94b51b51-d64a-5977-8edb-9803ea62cb4b,Hyundai,SANTA FE Hibrit,2026,1.6 T-GDI HEV 239PS 4x4 Progressive,SUV,HEV,6-speed automatic,AWD,P1_EXACT_TRIM_APPLICABILITY,37,1,EXTRACTED,NONE,7,OM-SRC-HYUNDAI-UK|OM-ART-HYUNDAI-SANTAFE-HEV-EN-GB,https://www.hyundai.com/uk/en/owners/owning-a-hyundai/owners-manuals.html|https://dmassets.hyundai.com/is/content/hyundaiautoever/SANTA_FE_MY25_HEVpdf,0,7,false,false,false,0,0,0,FAMILY_SCOPED_RETAINED,false
340,95811a89-9989-5111-b006-321cd0095440,Renault,Master Van,2026,L3H2 2.0 Blue dCi 170,Panel Van,DIESEL,6-speed manual,FWD,P1_EXACT_TRIM_APPLICABILITY,18,1,EXTRACTED,NONE,8,OM-SRC-RENAULT-GUIDE|OM-ART-RENAULT-MASTER-EN,https://www.user-manual.renault.com/en|https://www.user-manual.renault.com/sites/renault/files/Master-1033-9_ENG.pdf,0,8,false,false,false,0,0,0,FAMILY_SCOPED_RETAINED,false
341,95bd2cd3-7940-5678-8a8f-56ec41f5c3d0,Bentley,Continental GT,2026,Speed Hybrid,Coupe,PHEV,8-speed dual-clutch automatic,AWD,P1_PRIMARY_SOURCE_ACCESS,21,1,ACCESS_REVIEW_REQUIRED,NONE,0,OM-SRC-ACCESS-REVIEW-04,https://www.bentleymotors.com/en/your-bentley.html,0,0,false,false,false,0,0,0,RESEARCHED_INCONCLUSIVE,false
342,964929a6-5b56-5b5f-bcfe-96d5154f52e0,Hongqi,E-HS9,2026,99 kWh AWD,SUV,BEV,Single-speed automatic,AWD,P1_PRIMARY_SOURCE_ACCESS,20,1,ACCESS_REVIEW_REQUIRED,NONE,0,OM-SRC-ACCESS-REVIEW-09,https://www.hongqi-auto.com/,0,0,false,false,false,0,0,0,RESEARCHED_INCONCLUSIVE,false
343,96709fe8-e166-570a-83b1-716b8fd02bd9,Volkswagen,Tiguan,2026,Elegance 1.5 eTSI 150 DSG,SUV,MHEV,7-speed dual-clutch automatic,FWD,P1_PRIMARY_SOURCE_ACCESS,19,1,ACCESS_REVIEW_REQUIRED,NONE,0,OM-SRC-VW-VIN-TR,https://userguide.volkswagen.de/public/vin/login/tr_TR,0,0,false,false,false,0,0,0,RESEARCHED_INCONCLUSIVE,false
344,96d85a00-a98b-5c6d-b115-a80dd830953b,Ford,E-Transit Courier,2026,Trend 43 kWh,Panel Van,BEV,Single-speed automatic,FWD,P1_EXACT_TRIM_APPLICABILITY,22,1,EXTRACTED,NONE,9,OM-SRC-FORD-TR|OM-ART-FORD-E-COURIER-2026-CHARGING-ES-HTML|OM-ART-FORD-TRANSIT-2026-EN-AUS,https://www.fordservicecontent.com/Ford_Content/vdirsnet/OwnerManual/|https://www.fordservicecontent.com/Ford_Content/vdirsnet/OwnerManual/Home/Content?ProcUid=G2420491&Uid=G2407071&buildtype=web&countryCode=ESP&div=f&languageCode=es&moidRef=G2355816&userMarket=USA&vFilteringEnabled=False&variantid=10025|https://www.fordservicecontent.com/Ford_Content/Catalog/owner_information/CG3797en-202509-20250922100228.pdf,0,9,false,false,false,0,0,0,FAMILY_SCOPED_RETAINED,false
345,9707f80f-0fd7-5df7-a598-94aa504d8cad,MG,MG4,2026,Luxury 64 kWh,Hatchback,BEV,Single-speed automatic,FWD,P1_EXACT_TRIM_APPLICABILITY,20,1,EXTRACTED,NONE,5,OM-SRC-MG-EU|OM-ART-MG-MG4-CA,https://www.mgmotor.eu/owners/manuals|https://cdn.mgmotor.eu/images/hero-image/Manual-usuario-MG4-CAT.pdf,0,5,false,false,false,0,0,0,FAMILY_SCOPED_RETAINED,false
346,971cf0d1-8f6f-5259-a5c6-9f68364ba97c,Hyundai,BAYON,2026,1.0 T-GDI 90 PS DCT Elite (GSR2C & E-Call),SUV,GASOLINE,7-speed dual-clutch automatic,FWD,P1_EXACT_TRIM_APPLICABILITY,32,1,EXTRACTED,NONE,7,OM-SRC-HYUNDAI-UK|OM-ART-HYUNDAI-BAYON-EN-GB,https://www.hyundai.com/uk/en/owners/owning-a-hyundai/owners-manuals.html|https://dmassets.hyundai.com/is/content/hyundaiautoever/i20+Bayon+BC3pdf,0,7,false,false,false,0,0,0,FAMILY_SCOPED_RETAINED,false
347,974199d0-b5e7-550d-916b-abefb6d2d4f8,Ford,Puma,2026,ST-Line X 1.0 EcoBoost Hybrid 155 Powershift,SUV,MHEV,7-speed dual-clutch automatic,FWD,P1_EXACT_TRIM_APPLICABILITY,19,1,EXTRACTED,NONE,9,OM-SRC-FORD-TR|OM-ART-FORD-PUMA-2026-EN-GB,https://www.fordservicecontent.com/Ford_Content/vdirsnet/OwnerManual/|https://www.fordservicecontent.com/Ford_Content/Catalog/owner_information/CG3980en-202507-20260212125750.pdf,0,9,false,false,false,0,0,0,FAMILY_SCOPED_RETAINED,false
348,97b92393-2d59-5157-a7e4-7169db968831,Škoda,Kamiq,2026,Premium 1.5 TSI 150 DSG,SUV,GASOLINE,7-speed dual-clutch automatic,FWD,P1_EXACT_TRIM_APPLICABILITY,19,1,EXTRACTED,NONE,2,OM-SRC-SKODA-GLOBAL|OM-ART-SKODA-KAMIQ-TECH-EN,https://manual.skoda-auto.com/001/en-mm/Models|https://cdn.skoda-storyboard.com/2024/02/TD-Kamiq-en_2ef3e24e.pdf,0,2,false,false,false,0,0,0,FAMILY_SCOPED_RETAINED,false
349,983a28d7-3ce9-5814-9142-e2352a0abdbf,OMODA,OMODA 7,2026,Neo 1.6 TGDI DCT,SUV,GASOLINE,7-speed dual-clutch automatic,FWD,P1_PRIMARY_SOURCE_ACCESS,19,1,ACCESS_REVIEW_REQUIRED,NONE,0,OM-SRC-ACCESS-REVIEW-18,https://www.omoda.com.tr/,0,0,false,false,false,0,0,0,RESEARCHED_INCONCLUSIVE,false
350,99421cca-a436-55bd-9642-8041046ffcab,Peugeot,3008,2026,GT Hybrid 145,Fastback SUV,HEV,6-speed dual-clutch automatic,FWD,P1_EXACT_TRIM_APPLICABILITY,19,1,EXTRACTED,NONE,7,OM-SRC-PEUGEOT-SERVICEBOX|OM-ART-PEUGEOT-3008-5008-2024-EN-GB,https://public.servicebox.peugeot.com/APddb/|https://public.servicebox.peugeot.com/APddb/modeles/3008.p6/eGuide_p64_ed01-24_dag/pdfs/9999_9999_527_en-GB.pdf,0,7,false,false,false,0,0,0,FAMILY_SCOPED_RETAINED,false
351,99c19ba3-126f-5b6f-a67a-3ba44d80f8e2,CUPRA,Tavascan,2026,VZ 77 kWh 250 kW 4Drive,SUV,BEV,Single-speed automatic,AWD,P1_EXACT_TRIM_APPLICABILITY,25,1,EXTRACTED,NONE,3,OM-SRC-CUPRA-UK|OM-ART-CUPRA-TAVASCAN-2025-EN,https://www.cupraofficial.com/owners/cupra-car-model-manuals.html|https://www.cupraofficial.com/content/dam/public/cupra-website/generic/pdf/cupra-tavascan-catalogue-06-2025.pdf,0,3,false,false,false,0,0,0,FAMILY_SCOPED_RETAINED,false
352,9a261ded-cf04-5a44-a121-3e5b8145557d,Hyundai,BAYON,2026,1.0 T-GDI 90 PS DCT Style (GSR2C & E-Call),SUV,GASOLINE,7-speed dual-clutch automatic,FWD,P1_EXACT_TRIM_APPLICABILITY,32,1,EXTRACTED,NONE,7,OM-SRC-HYUNDAI-UK|OM-ART-HYUNDAI-BAYON-EN-GB,https://www.hyundai.com/uk/en/owners/owning-a-hyundai/owners-manuals.html|https://dmassets.hyundai.com/is/content/hyundaiautoever/i20+Bayon+BC3pdf,0,7,false,false,false,0,0,0,FAMILY_SCOPED_RETAINED,false
353,9ab6efae-ab58-55b3-8035-bb8f69660195,Aston Martin,Vantage,2026,Vantage Roadster,Convertible,GASOLINE,8-speed automatic,FWD,P1_PRIMARY_SOURCE_ACCESS,19,1,ACCESS_REVIEW_REQUIRED,NONE,0,OM-SRC-ACCESS-REVIEW-03,https://www.astonmartin.com/en/owners,0,0,false,false,false,0,0,0,RESEARCHED_INCONCLUSIVE,false
354,9b26d784-705f-5646-ad01-ac097ba5c7d0,Nissan,Townstar Combi,2026,Tekna 1.3 DIG-T,Passenger Van,GASOLINE,6-speed manual,FWD,P1_EXACT_TRIM_APPLICABILITY,19,1,EXTRACTED,NONE,6,OM-SRC-NISSAN-UK|OM-ART-NISSAN-TOWNSTAR-COMBI-IE|OM-ART-NISSAN-TOWNSTAR-EV-VAN-IE|OM-ART-NISSAN-TOWNSTAR-VAN-IE,https://www.nissan.co.uk/owners/car-repair/car-owner-manual/all-manuals/iom.shtml|https://www.nissan.ie/vehicles/new-vehicles/townstar/loading-space.html|https://www.nissan.ie/vehicles/new-vehicles/townstar/electric-van.html|https://www.nissan.ie/vehicles/new-vehicles/townstar/loading-space.html,0,5,false,false,false,0,0,0,FAMILY_SCOPED_RETAINED,false
355,9b2acd1b-efbe-56f0-9f01-ae9dbe0865f0,Peugeot,Expert Kamyonet,2026,2.2 BlueHDi 150,Chassis Cab,DIESEL,6-speed manual,FWD,P1_EXACT_TRIM_APPLICABILITY,17,1,EXTRACTED,NONE,9,OM-SRC-PEUGEOT-SERVICEBOX|OM-ART-PEUGEOT-EXPERT-TRAVELLER-2025-EN,https://public.servicebox.peugeot.com/APddb/|https://public.servicebox.peugeot.com/APddb/modeles/expert/expert_expert3vu/ed05-25/en_us/PEXTRCO2505en-1.pdf,0,9,false,false,false,0,0,0,FAMILY_SCOPED_RETAINED,false
356,9be6acde-0cd5-523d-8b94-46916c03a95f,Mercedes-Benz,EQE SUV,2026,EQE 350 4MATIC SUV AMG,SUV,BEV,Single-speed automatic,AWD,P1_EXACT_TRIM_APPLICABILITY,20,1,EXTRACTED,NONE,1,OM-SRC-MERCEDES-UK|OM-ART-MERCEDES-EQE-SUV-2024-DYNAMIC-SELECT-EN-US,https://www.mercedes-benz.co.uk/passengercars/services/manuals.html|https://www.mbusa.com/en/owners/manuals/eqe-suv-2024-09-x294-mbux/dynamic-select/function-of-dynamic-select-mercedes-amg-vehicles,0,1,false,false,false,0,0,0,FAMILY_SCOPED_RETAINED,false
357,9c44220b-895c-5fd4-a441-3dcca607dc13,Volkswagen,T-Roc,2026,R-Line 1.5 TSI 150 DSG,SUV,GASOLINE,7-speed dual-clutch automatic,FWD,P1_PRIMARY_SOURCE_ACCESS,19,1,ACCESS_REVIEW_REQUIRED,NONE,0,OM-SRC-VW-VIN-TR,https://userguide.volkswagen.de/public/vin/login/tr_TR,0,0,false,false,false,0,0,0,RESEARCHED_INCONCLUSIVE,false
358,9c7bdb74-c2ed-55eb-8eaf-717a7de7243e,Kia,Picanto,2026,Cool 1.0 67 PS AMT,Hatchback,GASOLINE,5-speed automatic (AMT),FWD,P1_EXACT_TRIM_APPLICABILITY,19,1,EXTRACTED,NONE,3,OM-SRC-KIA-ITALY|OM-ART-KIA-PICANTO-2025-EN-GB,https://www.kia.com/it/service/warranty-guides/kia-owners-manual-and-guides/|https://ownersmanual.kia.com/full_webhelp/JA/2025/en_GB/toc.html,0,3,false,false,false,0,0,0,FAMILY_SCOPED_RETAINED,false
359,9d3d7a9c-ae37-5824-93e2-ccd529418628,Opel,Astra Electric,2026,GS 115 kW,Hatchback,BEV,Single-speed automatic,FWD,P1_EXACT_TRIM_APPLICABILITY,20,1,EXTRACTED,NONE,7,OM-SRC-OPEL-TR|OM-ART-OPEL-ASTRA-L-2025-CA,https://www.opel.com.tr/owners/manuals.html|https://public-servicebox.opel.com/OVddb/OV/ca_ES/Astra_L/2021_2026/2025_09/manual_user/OASTRLO2509ca-1_online.pdf,0,7,false,false,false,0,0,0,FAMILY_SCOPED_RETAINED,false
360,9d6c4994-a8ae-5fd5-998d-b91dec421c2f,Audi,A3 Sportback,2026,S line 35 TFSI S tronic,Hatchback,MHEV,7-speed dual-clutch automatic,FWD,P1_PRIMARY_SOURCE_ACCESS,19,1,ACCESS_REVIEW_REQUIRED,NONE,0,OM-SRC-AUDI-VIN,https://ownersmanual.audi.com/,0,0,false,false,false,0,0,0,RESEARCHED_INCONCLUSIVE,false
361,9d9c8210-826c-5c9e-a6ca-e95c1354baa7,Kia,Sportage,2026,Vision 1.6 T-GDI 150 DCT,SUV,GASOLINE,7-speed dual-clutch automatic,FWD,P1_EXACT_TRIM_APPLICABILITY,19,1,EXTRACTED,NONE,5,OM-SRC-KIA-ITALY|OM-ART-KIA-SPORTAGE-2025-EN-GB,https://www.kia.com/it/service/warranty-guides/kia-owners-manual-and-guides/|https://ownersmanual.kia.com/full_webhelp/NQ5/2025/en_GB/toc.html,0,5,false,false,false,0,0,0,FAMILY_SCOPED_RETAINED,false
362,9dbec197-bbb4-56e6-8be2-a36d07537b1e,Land Rover,Range Rover,2026,SWB Signature D300,SUV,MHEV,8-speed automatic,AWD,P1_EXACT_TRIM_APPLICABILITY,19,1,EXTRACTED,NONE,6,OM-SRC-LAND-ROVER-IGUIDE|OM-ART-LAND-ROVER-RANGE-ROVER-2025-WARNING-LAMPS-EN,https://www.ownerinfo.landrover.com/|https://www.ownerinfo.landrover.com/document/3K/2025/1732281/proc/G2899571/G3305392,0,6,false,false,false,0,0,0,FAMILY_SCOPED_RETAINED,false
363,9e3b32b2-ddde-5b37-8db4-cae7df7e3db8,BMW,Yeni iX2,2026,eDrive20,SUV,BEV,Single-speed automatic,FWD,P1_PRIMARY_SOURCE_ACCESS,18,1,ACCESS_REVIEW_REQUIRED,NONE,0,OM-SRC-BMW-USA-VIN,https://www.bmwusa.com/owners-manuals.html,0,0,false,false,false,0,0,0,RESEARCHED_INCONCLUSIVE,false
364,9eee329e-aec2-5788-ad84-b46616b60795,BMW,Yeni iX3,2026,50 xDrive,SUV,BEV,Single-speed automatic,AWD,P1_PRIMARY_SOURCE_ACCESS,18,1,ACCESS_REVIEW_REQUIRED,NONE,0,OM-SRC-BMW-USA-VIN,https://www.bmwusa.com/owners-manuals.html,0,0,false,false,false,0,0,0,RESEARCHED_INCONCLUSIVE,false
365,9f160319-f411-577b-9f4c-ec3209fa89d0,Suzuki,Vitara,2026,GL Elegance AllGrip 1.4 MHEV 6AT,SUV,MHEV,6-speed automatic,AWD,P1_PRIMARY_SOURCE_ACCESS,19,1,ACCESS_REVIEW_REQUIRED,NONE,0,OM-SRC-ACCESS-REVIEW-22,https://cars.suzuki.co.uk/owners/,0,0,false,false,false,0,0,0,RESEARCHED_INCONCLUSIVE,false
366,9f1d5d76-86b0-5908-9fad-d6f549025c97,Hyundai,STARIA Hibrit,2025,1.6 T-GDI 225 PS HEV AT 4x2 Elite,MPV,HEV,6-speed automatic,FWD,P1_EXACT_TRIM_APPLICABILITY,37,1,EXTRACTED,NONE,8,OM-SRC-HYUNDAI-UK|OM-ART-HYUNDAI-STARIA-HYBRID-TR,https://www.hyundai.com/uk/en/owners/owning-a-hyundai/owners-manuals.html|https://dmassets.hyundai.com/is/content/hyundaiautoever/staria-us4-kullanim-kilavuzu,0,8,false,false,false,0,0,0,FAMILY_SCOPED_RETAINED,false
367,9fc51347-6b3f-5909-b8ea-d34a7b55426f,Opel,Grandland,2026,GS Hybrid 145,SUV,HEV,6-speed dual-clutch automatic,FWD,P1_EXACT_TRIM_APPLICABILITY,19,1,EXTRACTED,NONE,7,OM-SRC-OPEL-TR|OM-ART-OPEL-GRANDLAND-B-2025-CA,https://www.opel.com.tr/owners/manuals.html|https://public-servicebox.opel.com/OVddb/OV/ca_ES/Grandland_B/2024_2029/2025_04/manual_user/OGRANBO2504ca-1_online.pdf,0,7,false,false,false,0,0,0,FAMILY_SCOPED_RETAINED,false
368,a05f328b-3476-5270-a443-d07cda0a2497,Aston Martin,DB12,2026,DB12 Volante,Convertible,GASOLINE,8-speed automatic,FWD,P1_PRIMARY_SOURCE_ACCESS,19,1,ACCESS_REVIEW_REQUIRED,NONE,0,OM-SRC-ACCESS-REVIEW-03,https://www.astonmartin.com/en/owners,0,0,false,false,false,0,0,0,RESEARCHED_INCONCLUSIVE,false
369,a23356e1-d10b-5e2b-8303-49f1f46c1e10,Honda,ZR-V,2026,Advance 2.0 e:HEV,SUV,HEV,e-CVT automatic,FWD,P1_EXACT_TRIM_APPLICABILITY,19,1,EXTRACTED,NONE,6,OM-SRC-HONDA-UK|OM-ART-HONDA-ZRV-26MY-EN-GB,https://www.honda.co.uk/cars/owners/manuals-and-guides/honda-owners-manuals.html|https://www.honda.co.uk/content/honda/en_gb/cars/owners/manuals-and-guides/honda-owners-manuals/jcr:content/par1/textcolumnwithimagem_1246050255/textColumn/richtextdownload_da5/file.res/26%20ZR-V%20HEV%20GHAC%20(KE%20KG)-323V56210_web.pdf,0,6,false,false,false,0,0,0,FAMILY_SCOPED_RETAINED,false
370,a2c48085-ec6c-58ec-b150-aedf76f5270f,Mercedes-Benz,GLA,2026,GLA 200 AMG,SUV,MHEV,7-speed dual-clutch automatic,FWD,P1_EXACT_TRIM_APPLICABILITY,19,1,EXTRACTED,NONE,3,OM-SRC-MERCEDES-UK|OM-ART-MERCEDES-GLA-2024-EN,https://www.mercedes-benz.co.uk/passengercars/services/manuals.html|https://static.oneweb.mercedes-benz.com/css-oom-assets/en-bh/pdf/mercedes-gla-suv-2024-april-h247-mbux-owners-manual-1.pdf,0,3,false,false,false,0,0,0,FAMILY_SCOPED_RETAINED,false
371,a2f6f67f-fa83-5e6f-87ac-392b464715b2,CUPRA,Terramar,2026,Impulse 1.5 eTSI ACT 150 PS DSG,SUV,MHEV,7-speed dual-clutch automatic,FWD,P1_EXACT_TRIM_APPLICABILITY,23,1,EXTRACTED,NONE,3,OM-SRC-CUPRA-UK|OM-ART-CUPRA-TERRAMAR-2026-EN,https://www.cupraofficial.com/owners/cupra-car-model-manuals.html|https://www.cupraofficial.com/content/dam/public/cupra-website/cars/terramar/broachure/cupra-terramar-catalogue-jan-2026.pdf,0,3,false,false,false,0,0,0,FAMILY_SCOPED_RETAINED,false
372,a3728e65-51b2-447f-a6c3-a1f64db8a310,Hyundai,IONIQ 9,2026,160kW (218PS) 4x2 Progressive,SUV,BEV,Single-speed reduction gear,RWD,P1_EXACT_TRIM_APPLICABILITY,37,1,EXTRACTED,NONE,7,OM-SRC-HYUNDAI-UK|OM-ART-HYUNDAI-IONIQ9-EN-GB,https://www.hyundai.com/uk/en/owners/owning-a-hyundai/owners-manuals.html|https://dmassets.hyundai.com/is/content/hyundaiautoever/IONIQ+9+Owners+Manualpdf,0,7,false,false,false,0,0,0,FAMILY_SCOPED_RETAINED,false
373,a3986be9-7eef-53d7-a931-12ef6dc41fe5,Porsche,Taycan,2026,Taycan,Sedan,BEV,Single-speed automatic,FWD,P1_PRIMARY_SOURCE_ACCESS,20,1,ACCESS_REVIEW_REQUIRED,NONE,0,OM-SRC-ACCESS-REVIEW-19,https://manual.porsche.com/,0,0,false,false,false,0,0,0,RESEARCHED_INCONCLUSIVE,false
374,a3fcce46-0f25-515c-b7a4-fe433295021c,Rolls-Royce,Phantom,2026,Phantom,Sedan,GASOLINE,8-speed automatic,FWD,P1_PRIMARY_SOURCE_ACCESS,19,1,ACCESS_REVIEW_REQUIRED,NONE,0,OM-SRC-ACCESS-REVIEW-20,https://www.rolls-roycemotorcars.com/en_GB/ownership.html,0,0,false,false,false,0,0,0,RESEARCHED_INCONCLUSIVE,false
375,a534a328-ddb3-59bc-8bd1-ec3124e3b2da,Volvo,EX90,2026,Twin Motor Ultra AWD,SUV,BEV,Single-speed automatic,AWD,P1_EXACT_TRIM_APPLICABILITY,20,1,EXTRACTED,NONE,1,OM-SRC-VOLVO-UK|OM-ART-VOLVO-EX90-2025-ISOFIX-EN-UK-HTML,https://www.volvocars.com/uk/support/car/|https://www.volvocars.com/uk/support/car/ex90/24w36/article/47d2c97fd33effd3c0a8cc3718c999b7-dc8d1323d325cb39c0a8cc3741ba679c-8664b2fa77a7e089c0a8296870d1a409_47d2c97fd33effd3c0a8cc3718c999b7-e8a5b39cd32ac61bc0a8cc373b0f224c-8664b2fa77a7e089c0a8296870d1a409_47d2c97fd33effd3c0a8cc3718c999b7-8ff6ff94d32b0a3dc0a8cc3774076d43-8664b2fa77a7e089c0a8296870d1a409_47d2c97fd33effd3c0a8cc3718c999b7-ed29ca2cd32b576ec0a8cc3760509848-8664b2fa77a7e089c0a8296870d1a409_47d2c97fd33effd3c0a8cc3718c999b7-edd06ad7d32c7592c0a8cc37525b5f28-8664b2fa77a7e089c0a8296870d1a409/,0,1,false,false,false,0,0,0,FAMILY_SCOPED_RETAINED,false
376,a6c5b4df-f0ce-5dd6-aa9a-3dcd770f6e0b,Togg,T10F,2026,V2 4More,Liftback,BEV,Single-speed automatic,AWD,P1_EXACT_TRIM_APPLICABILITY,20,1,EXTRACTED,NONE,7,OM-SRC-TOGG-TR|OM-ART-TOGG-T10F-TR,https://www.togg.com.tr/digital-user-manual|https://toggprodcdn.blob.core.windows.net/trumore/T10F_Kullanici_El_Kitabi_TR_TR.pdf,0,7,false,false,false,0,0,0,FAMILY_SCOPED_RETAINED,false
377,a78d8042-bc0e-5da3-992a-d3c882800d6f,BMW,Yeni iX1,2026,eDrive20,SUV,BEV,Single-speed automatic,FWD,P1_PRIMARY_SOURCE_ACCESS,18,1,ACCESS_REVIEW_REQUIRED,NONE,0,OM-SRC-BMW-USA-VIN,https://www.bmwusa.com/owners-manuals.html,0,0,false,false,false,0,0,0,RESEARCHED_INCONCLUSIVE,false
378,a80b4cb0-b456-5829-a47a-196098a3d0e8,Ford,Puma Gen-E,2026,Premium 43 kWh,SUV,BEV,Single-speed automatic,FWD,P1_EXACT_TRIM_APPLICABILITY,20,1,EXTRACTED,NONE,9,OM-SRC-FORD-TR|OM-ART-FORD-PUMA-2026-EN-GB,https://www.fordservicecontent.com/Ford_Content/vdirsnet/OwnerManual/|https://www.fordservicecontent.com/Ford_Content/Catalog/owner_information/CG3980en-202507-20260212125750.pdf,0,9,false,false,false,0,0,0,FAMILY_SCOPED_RETAINED,false
379,a879a7ae-c990-538c-bc82-51e160920b4a,Nissan,X-Trail,2026,Platinum Premium e-4ORCE 7 Koltuk,SUV,HEV,Automatic,AWD,P1_EXACT_TRIM_APPLICABILITY,19,1,EXTRACTED,NONE,7,OM-SRC-NISSAN-UK|OM-ART-NISSAN-XTRAIL-2024-EN-IN,https://www.nissan.co.uk/owners/car-repair/car-owner-manual/all-manuals/iom.shtml|https://www-asia.nissan-cdn.net/content/dam/Nissan/in/brochures/XTRAIL-OM-Booklet-Version-02Aug24.pdf,0,7,false,false,false,0,0,0,FAMILY_SCOPED_RETAINED,false
380,a99a4d47-3052-5a9d-81fd-c812ca0b970c,Alfa Romeo,Stelvio,2024,2.0 Turbo 280 HP Veloce Q4 AT8,SUV,GASOLINE,8-speed automatic,AWD,P1_PRIMARY_SOURCE_ACCESS,18,1,ACCESS_REVIEW_REQUIRED,NONE,0,OM-SRC-ACCESS-REVIEW-01,https://aftersales.fiat.com/eLum/,0,0,false,false,false,0,0,0,RESEARCHED_INCONCLUSIVE,false
381,a99b14e2-d1f4-5106-94e8-c969cb7f7269,Ford,Transit Connect,2026,Trend L2 2.0 EcoBlue 102,Panel Van,DIESEL,6-speed manual,FWD,P1_EXACT_TRIM_APPLICABILITY,18,1,EXTRACTED,NONE,12,OM-SRC-FORD-TR|OM-ART-FORD-TRANSIT-2026-EN-AUS|OM-ART-FORD-TRANSIT-CONNECT-ES-HTML,https://www.fordservicecontent.com/Ford_Content/vdirsnet/OwnerManual/|https://www.fordservicecontent.com/Ford_Content/Catalog/owner_information/CG3797en-202509-20250922100228.pdf|https://www.fordservicecontent.com/Ford_Content/vdirsnet/OwnerManual/Home/Index?VIN=&Variantid=3396&bookcode=O26759&buildtype=web&countryCode=ESP&div=f&languageCode=ES&marketCode=ES&userMarket=esp,0,10,false,false,false,0,0,0,FAMILY_SCOPED_RETAINED,false
382,a9d865a5-cc75-5a3d-8902-ed820aa5beaf,Hyundai,INSTER,2025,"84,5 kW Advance",Hatchback,BEV,Single-speed reduction gear,FWD,P1_EXACT_TRIM_APPLICABILITY,38,1,EXTRACTED,NONE,5,OM-SRC-HYUNDAI-UK|OM-ART-HYUNDAI-INSTER-2025-TR,https://www.hyundai.com/uk/en/owners/owning-a-hyundai/owners-manuals.html|https://www.hyundai.com/content/dam/hyundai/tr/tr/data/marketing/manual/inster-ax-ev/2025/inster.pdf,0,5,false,false,false,0,0,0,FAMILY_SCOPED_RETAINED,false
383,aa755af5-7de8-5f76-8429-3f657a5a0c07,Aston Martin,DBX,2026,DBX707,SUV,GASOLINE,9-speed automatic,AWD,P1_PRIMARY_SOURCE_ACCESS,19,1,ACCESS_REVIEW_REQUIRED,NONE,0,OM-SRC-ACCESS-REVIEW-03,https://www.astonmartin.com/en/owners,0,0,false,false,false,0,0,0,RESEARCHED_INCONCLUSIVE,false
384,aac2c0d4-fa38-5100-bf8d-2e6465fa8f63,Renault,Rafale,2026,Esprit Alpine E-Tech Full Hybrid 200,Fastback SUV,HEV,Automatic,FWD,P1_EXACT_TRIM_APPLICABILITY,19,1,EXTRACTED,NONE,6,OM-SRC-RENAULT-GUIDE|OM-ART-RENAULT-RAFALE-2025-EN,https://www.user-manual.renault.com/en|https://www.user-manual.renault.com/en/notice/14420/explore,0,6,false,false,false,0,0,0,FAMILY_SCOPED_RETAINED,false
385,ab1eeac7-0954-5c11-8c8c-d2cbd9e3c229,Hyundai,i20,2026,1.0 T-GDI 90PS MT Jump (GSR2C & E-Call),Hatchback,GASOLINE,6-speed manual,FWD,P1_EXACT_TRIM_APPLICABILITY,39,1,EXTRACTED,NONE,7,OM-SRC-HYUNDAI-UK|OM-ART-HYUNDAI-I20-MY25-EN-GB,https://www.hyundai.com/uk/en/owners/owning-a-hyundai/owners-manuals.html|https://dmassets.hyundai.com/is/content/hyundaiautoever/i20_MY25pdf,0,7,false,false,false,0,0,0,FAMILY_SCOPED_RETAINED,false
386,abf2ad9f-d28e-52a7-8ec1-3765265899e9,Honda,Jazz,2026,Crosstar 1.5 e:HEV,Hatchback,HEV,e-CVT automatic,FWD,P1_EXACT_TRIM_APPLICABILITY,19,1,EXTRACTED,NONE,5,OM-SRC-HONDA-UK|OM-ART-HONDA-JAZZ-26MY-EN-GB,https://www.honda.co.uk/cars/owners/manuals-and-guides/honda-owners-manuals.html|https://www.honda.co.uk/content/honda/en_gb/cars/owners/manuals-and-guides/honda-owners-manuals/_jcr_content/par1/textcolumnwithimagem_1653971839/textColumn/richtextdownload_1a1/file.res/26%20JAZZ%20HEV%20Euro6e%20Sss%20%28KE%20KG%29-32TZA6500_web.pdf,0,5,false,false,false,0,0,0,FAMILY_SCOPED_RETAINED,false
387,ac8fb47e-0997-5823-9c20-c661fcafe661,Land Rover,Range Rover Evoque,2026,Dynamic SE D200,SUV,MHEV,9-speed automatic,AWD,P1_EXACT_TRIM_APPLICABILITY,19,1,EXTRACTED,NONE,1,OM-SRC-LAND-ROVER-IGUIDE|OM-ART-LAND-ROVER-RANGE-ROVER-EVOQUE-2019-ACC-EN,https://www.ownerinfo.landrover.com/|https://www.ownerinfo.landrover.com/document/LH/2019/1392223/proc/G2043347/G2043341,0,1,false,false,false,0,0,0,FAMILY_SCOPED_RETAINED,false
388,aefb90cf-29ac-540e-994e-1ca91cba2bd8,BMW,X5 M,2026,Competition,SUV,MHEV,Automatic,AWD,P1_PRIMARY_SOURCE_ACCESS,11,1,ACCESS_REVIEW_REQUIRED,NONE,0,OM-SRC-BMW-USA-VIN,https://www.bmwusa.com/owners-manuals.html,0,0,false,false,false,0,0,0,RESEARCHED_INCONCLUSIVE,false
389,af4a1637-d7e4-5310-9da3-8bca020857ba,Isuzu,BIG.e,2026,21 kWh Kapalı Kasa,Panel Van,BEV,Single-speed automatic,FWD,P1_PRIMARY_SOURCE_ACCESS,20,1,ACCESS_REVIEW_REQUIRED,NONE,0,OM-SRC-ACCESS-REVIEW-10,https://www.isuzu.com.tr/,0,0,false,false,false,0,0,0,RESEARCHED_INCONCLUSIVE,false
390,af581cb2-c87f-5e00-906d-ef52855dd6de,Hongqi,H9,2026,3.0 V6 Supercharged AWD,Sedan,GASOLINE,8-speed automatic,AWD,P1_PRIMARY_SOURCE_ACCESS,19,1,ACCESS_REVIEW_REQUIRED,NONE,0,OM-SRC-ACCESS-REVIEW-09,https://www.hongqi-auto.com/,0,0,false,false,false,0,0,0,RESEARCHED_INCONCLUSIVE,false
391,af7a390c-2615-5c58-9e29-6811d564cae2,BYD,ATTO 2,2026,Boost,SUV,BEV,Single-speed automatic,FWD,P1_EXACT_TRIM_APPLICABILITY,20,1,EXTRACTED,NONE,6,OM-SRC-BYD-EU|OM-ART-BYD-ATTO2-TR,https://www.byd.com/eu/service-maintenance/owners-manual|https://www.byd.com/material/byd-site/eu/support/service/manual/20250219/BYD%20ATTO%202%20Kullan%C4%B1m%20K%C4%B1lavuzu-Soldan%20Direksiyon-TR.pdf,0,6,false,false,false,0,0,0,FAMILY_SCOPED_RETAINED,false
392,b023fc08-9151-53b1-bfd0-26c9284ea645,Citroën,Jumpy Van,2026,Panelvan L2 Standart 2.2 BlueHDi 180 EAT8,Panel Van,DIESEL,8-speed automatic,FWD,P1_EXACT_TRIM_APPLICABILITY,19,1,EXTRACTED,NONE,8,OM-SRC-CITROEN-SERVICE|OM-ART-CITROEN-JUMPY-SPACETOURER-2018-FR,https://service.citroen.com/ACddb/|https://service.citroen.com/ACddb/modeles/jumpy/eGuide_jumpy_jumpy3vp_ed01-18/pdfs/9999_9999_268_fr-FR.pdf,0,8,false,false,false,0,0,0,FAMILY_SCOPED_RETAINED,false
393,b0323cbe-f34c-5ce1-be8c-0abca07889b7,BMW,2 Serisi Active Tourer,2026,230e xDrive,MPV,PHEV,Automatic,AWD,P1_PRIMARY_SOURCE_ACCESS,11,1,ACCESS_REVIEW_REQUIRED,NONE,0,OM-SRC-BMW-USA-VIN,https://www.bmwusa.com/owners-manuals.html,0,0,false,false,false,0,0,0,RESEARCHED_INCONCLUSIVE,false
394,b0dc7682-7bae-50a1-8aca-0869eb4b364c,Audi,e-tron GT,2026,S e-tron GT quattro,Sedan,BEV,Single-speed automatic,AWD,P1_PRIMARY_SOURCE_ACCESS,20,1,ACCESS_REVIEW_REQUIRED,NONE,0,OM-SRC-AUDI-VIN,https://ownersmanual.audi.com/,0,0,false,false,false,0,0,0,RESEARCHED_INCONCLUSIVE,false
395,b1341d8b-c616-5f09-a3a5-01a5dc538751,Volvo,EX30,2026,P8 AWD Ultra,SUV,BEV,Single-speed automatic,AWD,P1_EXACT_TRIM_APPLICABILITY,20,1,EXTRACTED,NONE,3,OM-SRC-VOLVO-UK|OM-ART-VOLVO-EX30-2026-LOADING-EN-UK-HTML,https://www.volvocars.com/uk/support/car/|https://www.volvocars.com/uk/support/car/ex30/article/47d2c97fd33effd3c0a8cc3718c999b7-588898cace7ed007c0a8b04a7a9843cf-8664b2fa77a7e089c0a8296870d1a409_f558786dce01385ec0a8b04a5cd4f99b-382ed7f148ede59fc0a8004a48515dfc-cf755c76554c93bfc0a8b0972210bcd8/,0,3,false,false,false,0,0,0,FAMILY_SCOPED_RETAINED,false
396,b1d209d4-af04-537b-a2b6-280c5bbee05e,Leapmotor,T03,2026,41 kWh FWD,Hatchback,BEV,Single-speed automatic,FWD,P1_PRIMARY_SOURCE_ACCESS,18,1,ACCESS_REVIEW_REQUIRED,NONE,0,OM-SRC-ACCESS-REVIEW-15,https://www.leapmotor.net/,0,0,false,false,false,0,0,0,RESEARCHED_INCONCLUSIVE,false
397,b1dc656b-e78c-57ab-9a44-924716ba6c2b,Bentley,Continental GTC,2026,Speed Hybrid,Convertible,PHEV,8-speed dual-clutch automatic,AWD,P1_PRIMARY_SOURCE_ACCESS,21,1,ACCESS_REVIEW_REQUIRED,NONE,0,OM-SRC-ACCESS-REVIEW-04,https://www.bentleymotors.com/en/your-bentley.html,0,0,false,false,false,0,0,0,RESEARCHED_INCONCLUSIVE,false
398,b1ea86d0-6363-51db-b966-44e3246ebc5f,Lexus,ES,2026,ES 300h Executive,Sedan,HEV,e-CVT automatic,FWD,P1_EXACT_TRIM_APPLICABILITY,19,1,EXTRACTED,NONE,1,OM-SRC-LEXUS-EU|OM-ART-LEXUS-ES-2024-SEAT-HEATER-JA-JP-HTML,https://www.lexus.eu/owners/connected-services/manuals|https://manual.lexus.jp/es/2406/hev/ja_JP/contents/vhch05se020402.php,0,1,false,false,false,0,0,0,FAMILY_SCOPED_RETAINED,false
399,b2fbd604-fe53-5530-bb94-2fdfcfa6bcfd,Hyundai,Yeni IONIQ 6,2026,160 kW Uzun Menzil Progressive,Sedan,BEV,Single-speed reduction gear,RWD,P1_EXACT_TRIM_APPLICABILITY,37,1,EXTRACTED,NONE,8,OM-SRC-HYUNDAI-UK|OM-ART-HYUNDAI-IONIQ6-EN-GB,https://www.hyundai.com/uk/en/owners/owning-a-hyundai/owners-manuals.html|https://dmassets.hyundai.com/is/content/hyundaiautoever/Ioniq+6pdf-3,0,8,false,false,false,0,0,0,FAMILY_SCOPED_RETAINED,false
400,b32ba795-f405-5fed-9091-ca441da6ac86,Kia,Sportage,2026,Elegance 1.6 T-GDI 150 DCT,SUV,GASOLINE,7-speed dual-clutch automatic,FWD,P1_EXACT_TRIM_APPLICABILITY,19,1,EXTRACTED,NONE,5,OM-SRC-KIA-ITALY|OM-ART-KIA-SPORTAGE-2025-EN-GB,https://www.kia.com/it/service/warranty-guides/kia-owners-manual-and-guides/|https://ownersmanual.kia.com/full_webhelp/NQ5/2025/en_GB/toc.html,0,5,false,false,false,0,0,0,FAMILY_SCOPED_RETAINED,false
401,b3de7ce3-b870-51d5-99c7-d50da9b9bd3e,Hyundai,KONA Elektrik,2026,99 kW Advance (GSR-2-C),SUV,BEV,Single-speed reduction gear,FWD,P1_EXACT_TRIM_APPLICABILITY,37,1,EXTRACTED,NONE,7,OM-SRC-HYUNDAI-UK|OM-ART-HYUNDAI-KONA-EV-EN-GB,https://www.hyundai.com/uk/en/owners/owning-a-hyundai/owners-manuals.html|https://dmassets.hyundai.com/is/content/hyundaiautoever/Kona+SX2+EVpdf,0,7,false,false,false,0,0,0,FAMILY_SCOPED_RETAINED,false
402,b45c9284-8289-5bbd-9d00-934248d7c366,BMW,Yeni iX,2026,M70 xDrive,SUV,BEV,Single-speed automatic,AWD,P1_PRIMARY_SOURCE_ACCESS,18,1,ACCESS_REVIEW_REQUIRED,NONE,0,OM-SRC-BMW-USA-VIN,https://www.bmwusa.com/owners-manuals.html,0,0,false,false,false,0,0,0,RESEARCHED_INCONCLUSIVE,false
403,b5c45f99-0f79-5352-b7fc-9fc87dd129cf,Kia,Sportage,2026,GT-Line 1.6 T-GDI 180 DCT 4x4,SUV,GASOLINE,7-speed dual-clutch automatic,AWD,P1_EXACT_TRIM_APPLICABILITY,19,1,EXTRACTED,NONE,5,OM-SRC-KIA-ITALY|OM-ART-KIA-SPORTAGE-2025-EN-GB,https://www.kia.com/it/service/warranty-guides/kia-owners-manual-and-guides/|https://ownersmanual.kia.com/full_webhelp/NQ5/2025/en_GB/toc.html,0,5,false,false,false,0,0,0,FAMILY_SCOPED_RETAINED,false
404,b6eac813-19f8-5f55-94cd-a296a4c986b7,Fiat,Egea Cross,2026,Lounge 1.6 MultiJet 130 DCT,Crossover,DIESEL,6-speed dual-clutch automatic,FWD,P1_EXACT_TRIM_APPLICABILITY,19,1,EXTRACTED,NONE,11,OM-SRC-FIAT-ELUM|OM-ART-FIAT-EGEA-CROSS-TIPO-2022-EN|OM-ART-FIAT-EGEA-SEDAN-TIPO-2018-EN,https://aftersales.fiat.com/eLum/|https://aftersales.fiat.com/eLumData/EN/00/357_TIPO5P/00_357_TIPO5P_603.85.782_EN_02_11.22_L_LG/00_357_TIPO5P_603.85.782_EN_02_11.22_L_LG.pdf|https://aftersales.fiat.com/eLumData/EN/00/356_TIPO/00_356_TIPO_603.91.682_EN_01_06.18_L_LG/00_356_TIPO_603.91.682_EN_01_06.18_L_LG.pdf,0,7,false,false,false,0,0,0,FAMILY_SCOPED_RETAINED,false
405,b788e18c-3228-53be-9efb-311bfe99c8ff,Kia,Sportage,2026,Prestige 1.6 T-GDI 150 DCT,SUV,GASOLINE,7-speed dual-clutch automatic,FWD,P1_EXACT_TRIM_APPLICABILITY,19,1,EXTRACTED,NONE,5,OM-SRC-KIA-ITALY|OM-ART-KIA-SPORTAGE-2025-EN-GB,https://www.kia.com/it/service/warranty-guides/kia-owners-manual-and-guides/|https://ownersmanual.kia.com/full_webhelp/NQ5/2025/en_GB/toc.html,0,5,false,false,false,0,0,0,FAMILY_SCOPED_RETAINED,false
406,b9893aa5-f430-5b92-a732-1b1d9ee9055c,Hyundai,BAYON,2026,1.0 T-GDI 90 PS DCT Jump,SUV,GASOLINE,7-speed dual-clutch automatic,FWD,P1_EXACT_TRIM_APPLICABILITY,30,1,EXTRACTED,NONE,7,OM-SRC-HYUNDAI-UK|OM-ART-HYUNDAI-BAYON-EN-GB,https://www.hyundai.com/uk/en/owners/owning-a-hyundai/owners-manuals.html|https://dmassets.hyundai.com/is/content/hyundaiautoever/i20+Bayon+BC3pdf,0,7,false,false,false,0,0,0,FAMILY_SCOPED_RETAINED,false
407,b98fb2c9-0da2-53e9-8cb8-3383e9a48fc2,Peugeot,408,2026,Allure Hybrid 145,Liftback,HEV,6-speed dual-clutch automatic,FWD,P1_EXACT_TRIM_APPLICABILITY,19,1,EXTRACTED,NONE,8,OM-SRC-PEUGEOT-SERVICEBOX|OM-ART-PEUGEOT-408-2026-EN,https://public.servicebox.peugeot.com/APddb/|https://public.servicebox.peugeot.com/APddb/modeles/408.p5/p54/ed02-26/en_us/P0408AO2602en-1_preview.pdf,0,8,false,false,false,0,0,0,FAMILY_SCOPED_RETAINED,false
408,bb2a4687-9514-55a9-b4a1-a5e176b62a81,Peugeot,E-308,2026,GT 115 kW,Hatchback,BEV,Single-speed automatic,FWD,P1_EXACT_TRIM_APPLICABILITY,20,1,EXTRACTED,NONE,6,OM-SRC-PEUGEOT-SERVICEBOX|OM-ART-PEUGEOT-308-E308-2023-FR,https://public.servicebox.peugeot.com/APddb/|https://public.servicebox.peugeot.com/APddb/modeles/308.p5/eGuide_p512_ed01-23/pdfs/9999_9999_482_fr-FR.pdf,0,6,false,false,false,0,0,0,FAMILY_SCOPED_RETAINED,false
409,bb7ece3a-caef-5ece-98ea-a1127bf4458e,Land Rover,Range Rover Sport,2026,Dynamic SE D300,SUV,MHEV,8-speed automatic,AWD,P1_EXACT_TRIM_APPLICABILITY,19,1,EXTRACTED,NONE,6,OM-SRC-LAND-ROVER-IGUIDE|OM-ART-LAND-ROVER-RANGE-ROVER-SPORT-2024-WARNING-LAMPS-EN,https://www.ownerinfo.landrover.com/|https://www.ownerinfo.landrover.com/document/3R/2024/1706809/proc/G2629806/G3307816,0,6,false,false,false,0,0,0,FAMILY_SCOPED_RETAINED,false
410,bba377db-0216-5101-b928-2bc2999f6d8f,Opel,Combo Cargo,2026,XL 1.5 Diesel 130 EAT8,Panel Van,DIESEL,8-speed automatic,FWD,P1_EXACT_TRIM_APPLICABILITY,17,1,EXTRACTED,NONE,9,OM-SRC-OPEL-TR|OM-ART-OPEL-COMBO-E-2025-CA,https://www.opel.com.tr/owners/manuals.html|https://public-servicebox.opel.com/OVddb/OV/ca_ES/Combo_E/2019_2025/2025_05/manual_user/OCOMBEO2505ca-1_online.pdf,0,9,false,false,false,0,0,0,FAMILY_SCOPED_RETAINED,false
411,bbf4c6dd-c93f-52c6-9195-6d39b4ec3998,Volvo,EC40,2026,Single Motor Extended Range Ultra,Fastback SUV,BEV,Single-speed automatic,FWD,P1_EXACT_TRIM_APPLICABILITY,20,1,EXTRACTED,NONE,1,OM-SRC-VOLVO-UK|OM-ART-VOLVO-EC40-2026-ISOFIX-EN-UK,https://www.volvocars.com/uk/support/car/|https://www.volvocars.com/static/support/pdf/uk_en-GB_ec40_2026_UM_34cd47093999fde528288125cb15d699.pdf,0,1,false,false,false,0,0,0,FAMILY_SCOPED_RETAINED,false
412,bc510c6d-dec8-5874-9071-9b6580639812,Tesla,Model Y,2026,Long Range Arkadan Çekiş,SUV,BEV,Single-speed automatic,FWD,P1_EXACT_TRIM_APPLICABILITY,20,1,EXTRACTED,NONE,2,OM-SRC-TESLA-EU|OM-ART-TESLA-MODELY-2025-CARGO-EN-PH-HTML,https://www.tesla.com/ownersmanual/|https://www.tesla.com/ownersmanual/modely/en_ph/GUID-3667D28B-5B3B-49CE-A1C1-3D70AC60D9F6.html,0,2,false,false,false,0,0,0,FAMILY_SCOPED_RETAINED,false
413,bd614bc5-9f45-54c5-aaf7-a940fa92d20f,Opel,Corsa Electric,2026,GS 115 kW,Hatchback,BEV,Single-speed automatic,FWD,P1_EXACT_TRIM_APPLICABILITY,20,1,EXTRACTED,NONE,8,OM-SRC-OPEL-TR|OM-ART-OPEL-CORSA-F-2025-CA,https://www.opel.com.tr/owners/manuals.html|https://public-servicebox.opel.com/OVddb/OV/ca_ES/Corsa_F/2023_2028/2025_05/manual_user/OCORSFO2505ca-1_online.pdf,0,8,false,false,false,0,0,0,FAMILY_SCOPED_RETAINED,false
414,bd94cfb7-7b7d-5601-a361-b0b841f980e3,Citroën,Jumper,2026,3.5T 15m³ 2.2 BlueHDi 180 EAT8,Panel Van,DIESEL,8-speed automatic,FWD,P1_EXACT_TRIM_APPLICABILITY,15,1,EXTRACTED,NONE,9,OM-SRC-CITROEN-SERVICE|OM-ART-CITROEN-JUMPER-2025-EN,https://service.citroen.com/ACddb/|https://service.citroen.com/ACddb/modeles/jumper/jumper_jumper/ed12-25/en_us/CJPERCO2512en-2_preview.pdf,0,9,false,false,false,0,0,0,FAMILY_SCOPED_RETAINED,false
415,bdc2a3b5-4c69-5ca6-a5bd-5d85c91139b9,Citroën,Berlingo,2026,Plus 1.5 BlueHDi 130 EAT8,MPV,DIESEL,8-speed automatic,FWD,P1_EXACT_TRIM_APPLICABILITY,20,1,EXTRACTED,NONE,5,OM-SRC-CITROEN-SERVICE|OM-ART-CITROEN-BERLINGO-K9-2019-EN,https://service.citroen.com/ACddb/|https://service.citroen.com/ACddb/modeles/berlingo.k9/eGuide_k9vp_ed01-19_dag/pdfs/9999_9999_292_en-GB.pdf,0,5,false,false,false,0,0,0,FAMILY_SCOPED_RETAINED,false
416,be4426d1-7595-5155-8b25-d7e54d2b9f43,Porsche,Macan,2026,4 Electric,SUV,BEV,Single-speed automatic,AWD,P1_PRIMARY_SOURCE_ACCESS,20,1,ACCESS_REVIEW_REQUIRED,NONE,0,OM-SRC-ACCESS-REVIEW-19,https://manual.porsche.com/,0,0,false,false,false,0,0,0,RESEARCHED_INCONCLUSIVE,false
417,be7adb05-62ce-5175-a12c-8cb601310d87,Subaru,Solterra,2026,e-Xtreme AWD,SUV,BEV,Single-speed automatic,AWD,P1_PRIMARY_SOURCE_ACCESS,20,1,ACCESS_REVIEW_REQUIRED,NONE,0,OM-SRC-ACCESS-REVIEW-21,https://www.subaru.com/owners/vehicle-resources.html,0,0,false,false,false,0,0,0,RESEARCHED_INCONCLUSIVE,false
418,bf3b51a3-ab8f-5ec8-9bdf-6400c5ddc591,Citroën,C3 Aircross Hybrid 145,2026,Plus 1.2 Hybrid 145 eDCS6,SUV,MHEV,6-speed dual-clutch automatic,FWD,P1_EXACT_TRIM_APPLICABILITY,23,1,EXTRACTED,NONE,6,OM-SRC-CITROEN-SERVICE|OM-ART-CITROEN-C3-AIRCROSS-2024-ES,https://service.citroen.com/ACddb/|https://service.citroen.com/ACddb/modeles/c3aircross.cc2eu/eGuide_cc24eu_ed01-24/pdfs/9999_9999_529_es-ES.pdf,0,6,false,false,false,0,0,0,FAMILY_SCOPED_RETAINED,false
419,bf559fe9-4609-55a9-a19b-9f873e52db34,Opel,Mokka Electric,2026,GS 115 kW,SUV,BEV,Single-speed automatic,FWD,P1_EXACT_TRIM_APPLICABILITY,20,1,EXTRACTED,NONE,9,OM-SRC-OPEL-TR|OM-ART-OPEL-MOKKA-B-2025-CA,https://www.opel.com.tr/owners/manuals.html|https://public-servicebox.opel.com/OVddb/OV/ca_ES/Mokka_B/2021_2025/2025_10/manual_user/OMOKKBO2510ca-1_online.pdf,0,9,false,false,false,0,0,0,FAMILY_SCOPED_RETAINED,false
420,bf6257fd-9ed1-5aa9-97c4-daf80687917d,Škoda,Superb,2026,Prestige 1.5 TSI mHEV 150 DSG,Liftback,MHEV,7-speed dual-clutch automatic,FWD,P1_EXACT_TRIM_APPLICABILITY,19,1,EXTRACTED,NONE,2,OM-SRC-SKODA-GLOBAL|OM-ART-SKODA-SUPERB-TECH-EN,https://manual.skoda-auto.com/001/en-mm/Models|https://cdn.skoda-storyboard.com/2019/07/TD-SUPERB-en.pdf,0,2,false,false,false,0,0,0,FAMILY_SCOPED_RETAINED,false
421,c0091440-d9d8-56ba-8f40-6296df548b86,Škoda,Octavia,2026,Premium 1.5 TSI mHEV 150 DSG,Liftback,MHEV,7-speed dual-clutch automatic,FWD,P1_EXACT_TRIM_APPLICABILITY,19,1,EXTRACTED,NONE,2,OM-SRC-SKODA-GLOBAL|OM-ART-SKODA-OCTAVIA-TECH-EN,https://manual.skoda-auto.com/001/en-mm/Models|https://cdn.skoda-storyboard.com/2019/08/TD-OCTAVIA-en.pdf,0,2,false,false,false,0,0,0,FAMILY_SCOPED_RETAINED,false
422,c0f6ea2e-4681-52c7-8800-6c42ae359fcf,Kia,EV3,2026,Prestige Standard Range 58.3 kWh,SUV,BEV,Single-speed automatic,FWD,P1_EXACT_TRIM_APPLICABILITY,20,1,EXTRACTED,NONE,5,OM-SRC-KIA-ITALY|OM-ART-KIA-EV3-2025-EN-GB,https://www.kia.com/it/service/warranty-guides/kia-owners-manual-and-guides/|https://ownersmanual.kia.com/full_webhelp/SV1/2025/en_GB/toc.html,0,5,false,false,false,0,0,0,FAMILY_SCOPED_RETAINED,false
423,c10313e1-76c0-51cc-ba82-b6366ec9784f,Lexus,LM,2026,LM 350h 7 Koltuk,MPV,HEV,e-CVT automatic,AWD,P1_EXACT_TRIM_APPLICABILITY,19,1,EXTRACTED,NONE,1,OM-SRC-LEXUS-EU|OM-ART-LEXUS-LM-2026-ISOFIX-JA-JP-HTML,https://www.lexus.eu/owners/connected-services/manuals|https://manual.lexus.jp/lm/3088/hev/ja_JP/contents/vhch01se020402.php,0,1,false,false,false,0,0,0,FAMILY_SCOPED_RETAINED,false
424,c162e3cf-b2a9-5302-835c-609efa3779fe,Jeep,Avenger,2026,Summit e-Hybrid 1.2 145 eDCT6,SUV,MHEV,6-speed dual-clutch automatic,FWD,P1_PRIMARY_SOURCE_ACCESS,19,1,ACCESS_REVIEW_REQUIRED,NONE,0,OM-SRC-ACCESS-REVIEW-12,https://aftersales.fiat.com/eLum/,0,0,false,false,false,0,0,0,RESEARCHED_INCONCLUSIVE,false
425,c18b2188-6ba1-5a65-8632-9a4135db7e1b,BMW,2 Serisi Active Tourer,2026,220i,MPV,MHEV,Automatic,FWD,P1_PRIMARY_SOURCE_ACCESS,11,1,ACCESS_REVIEW_REQUIRED,NONE,0,OM-SRC-BMW-USA-VIN,https://www.bmwusa.com/owners-manuals.html,0,0,false,false,false,0,0,0,RESEARCHED_INCONCLUSIVE,false
426,c23334d5-4692-5129-893a-8fbc302989e6,Tesla,Model 3,2026,Long Range Dört Çeker,Sedan,BEV,Single-speed automatic,AWD,P1_EXACT_TRIM_APPLICABILITY,20,1,EXTRACTED,NONE,3,OM-SRC-TESLA-EU|OM-ART-TESLA-MODEL3-2024-CAMERA-EN-US-HTML|OM-ART-TESLA-MODEL3-2024-ISOFIX-EN-US-HTML|OM-ART-TESLA-MODEL3-2024-LOAD-EN-US-HTML,https://www.tesla.com/ownersmanual/|https://www.tesla.com/ownersmanual/model3/en_us/GUID-3598EF55-6B1D-462B-88D8-704DB0896DD1.html|https://www.tesla.com/ownersmanual/model3/en_us/GUID-6E64482A-F5DC-4AF1-83B6-10987842DDFF.html|https://www.tesla.com/ownersmanual/model3/en_us/GUID-877ACE2D-B62F-4596-A6AD-A74F7905741C.html,0,3,false,false,false,0,0,0,FAMILY_SCOPED_RETAINED,false
427,c23684fd-15fe-56c6-8ba3-d264eed33de1,Land Rover,Defender 130,2026,X-Dynamic SE D350 8 Koltuk,SUV,MHEV,8-speed automatic,AWD,P1_EXACT_TRIM_APPLICABILITY,19,1,EXTRACTED,NONE,5,OM-SRC-LAND-ROVER-IGUIDE|OM-ART-LAND-ROVER-DEFENDER-130-2024-WARNING-LAMPS-ES,https://www.ownerinfo.landrover.com/|https://www.ownerinfo.landrover.com/document/3E/2024/1697620/proc/G2401441/G2872660,0,5,false,false,false,0,0,0,FAMILY_SCOPED_RETAINED,false
428,c2fb4bfe-07a8-5aec-bfe1-ed2874d53694,Citroën,ë-C3,2026,Max 83 kW,Hatchback,BEV,Single-speed reduction gear,FWD,P1_EXACT_TRIM_APPLICABILITY,25,1,EXTRACTED,NONE,11,OM-SRC-CITROEN-SERVICE|OM-ART-CITROEN-C3-AIRCROSS-2024-ES|OM-ART-CITROEN-C3-EC3-2024-IT,https://service.citroen.com/ACddb/|https://service.citroen.com/ACddb/modeles/c3aircross.cc2eu/eGuide_cc24eu_ed01-24/pdfs/9999_9999_529_es-ES.pdf|https://service.citroen.com/ACddb/modeles/c3.cc2eu/eGuide_cc21eu_ed01-24/pdfs/9999_9999_525_it-IT.pdf,0,6,false,false,false,0,0,0,FAMILY_SCOPED_RETAINED,false
429,c4752346-1ebe-5806-bef1-3470c23d2f21,CUPRA,Leon,2026,Impulse 1.5 eTSI ACT 150 PS DSG,Hatchback,MHEV,7-speed dual-clutch automatic,FWD,P1_EXACT_TRIM_APPLICABILITY,23,1,EXTRACTED,NONE,9,OM-SRC-CUPRA-UK|OM-ART-CUPRA-LEON-2022-EN,https://www.cupraofficial.com/owners/cupra-car-model-manuals.html|https://www.cupraofficial.com/content/dam/public/cupra-website/owners/cupra-manuals/brochures/cupra-leon/CUPRA_LEO_from_NOVEMBER_2022_English.pdf,0,9,false,false,false,0,0,0,FAMILY_SCOPED_RETAINED,false
430,c486b4d0-8b0a-5bd6-ae8a-6dd149fbaccb,Mercedes-Benz,Sprinter Şasi,2026,517 CDI Uzun,Chassis Cab,DIESEL,9-speed automatic,FWD,P1_EXACT_TRIM_APPLICABILITY,17,1,EXTRACTED,NONE,4,OM-SRC-MERCEDES-UK|OM-ART-MERCEDES-SPRINTER-CHASSIS-2024-EN-US|OM-ART-MERCEDES-SPRINTER-PANELVAN-2024-EN-US,https://www.mercedes-benz.co.uk/passengercars/services/manuals.html|https://mbvans.com/content/dam/mb-vans/us/manuals/2024/sprinter/MY24_907_Sprinter_Owners%20Manual_Edition%20B_no%20cover%20%282%29.pdf|https://mbvans.com/content/dam/mb-vans/us/manuals/2024/sprinter/MY24_907_Sprinter_Owners%20Manual_Edition%20B_no%20cover%20%282%29.pdf,0,4,false,false,false,0,0,0,FAMILY_SCOPED_RETAINED,false
431,c4c5efbc-ba1e-5537-a4c6-1fe5116ccb25,Renault,Symbioz,2026,Esprit Alpine E-Tech Full Hybrid 160,SUV,HEV,Automatic,FWD,P1_EXACT_TRIM_APPLICABILITY,19,1,EXTRACTED,NONE,4,OM-SRC-RENAULT-GUIDE|OM-ART-RENAULT-SYMBIOZ-2026-EN,https://www.user-manual.renault.com/en|https://www.user-manual.renault.com/en/notice/22439/explore,0,4,false,false,false,0,0,0,FAMILY_SCOPED_RETAINED,false
432,c540fc27-0874-509e-b236-5fc1409bddd6,Opel,Combo Electric,2026,Cargo XL 50 kWh,Panel Van,BEV,Single-speed automatic,FWD,P1_EXACT_TRIM_APPLICABILITY,21,1,EXTRACTED,NONE,9,OM-SRC-OPEL-TR|OM-ART-OPEL-COMBO-E-2025-CA,https://www.opel.com.tr/owners/manuals.html|https://public-servicebox.opel.com/OVddb/OV/ca_ES/Combo_E/2019_2025/2025_05/manual_user/OCOMBEO2505ca-1_online.pdf,0,9,false,false,false,0,0,0,FAMILY_SCOPED_RETAINED,false
433,c58345b8-b7a5-56b2-ba9f-81a8f3e15796,Maserati,Grecale,2026,Modena 2.0 MHEV AWD,SUV,MHEV,8-speed automatic,AWD,P1_PRIMARY_SOURCE_ACCESS,19,1,ACCESS_REVIEW_REQUIRED,NONE,0,OM-SRC-ACCESS-REVIEW-16,https://guides.maserati.com/,0,0,false,false,false,0,0,0,RESEARCHED_INCONCLUSIVE,false
434,c65d7611-c10a-5647-82fc-a6696a6f80da,Volkswagen,T-Cross,2026,Style 1.0 TSI 116 DSG,SUV,GASOLINE,7-speed dual-clutch automatic,FWD,P1_PRIMARY_SOURCE_ACCESS,19,1,ACCESS_REVIEW_REQUIRED,NONE,0,OM-SRC-VW-VIN-TR,https://userguide.volkswagen.de/public/vin/login/tr_TR,0,0,false,false,false,0,0,0,RESEARCHED_INCONCLUSIVE,false
435,c66e55ee-4274-534c-b78a-56f8501d7b43,Ferrari,Purosangue,2026,6.5 V12 DCT AWD,SUV,GASOLINE,8-speed dual-clutch automatic,AWD,P1_PRIMARY_SOURCE_ACCESS,17,1,ACCESS_REVIEW_REQUIRED,NONE,0,OM-SRC-ACCESS-REVIEW-08,https://www.ferrari.com/en-EN/auto/owners,0,0,false,false,false,0,0,0,RESEARCHED_INCONCLUSIVE,false
436,c6735e4f-3b1f-5fb4-96e4-3ad9425e0d32,BMW,iX2,2026,eDrive20,SUV,BEV,Single-speed automatic,FWD,P1_PRIMARY_SOURCE_ACCESS,18,1,ACCESS_REVIEW_REQUIRED,NONE,0,OM-SRC-BMW-USA-VIN,https://www.bmwusa.com/owners-manuals.html,0,0,false,false,false,0,0,0,RESEARCHED_INCONCLUSIVE,false
437,c71add74-3999-5684-94ee-45757d663ccc,BMW,X3,2026,20,SUV,MHEV,Automatic,AWD,P1_PRIMARY_SOURCE_ACCESS,11,1,ACCESS_REVIEW_REQUIRED,NONE,0,OM-SRC-BMW-USA-VIN,https://www.bmwusa.com/owners-manuals.html,0,0,false,false,false,0,0,0,RESEARCHED_INCONCLUSIVE,false
438,c7ea95fe-35b3-5ab1-b258-4662b032583f,Opel,Frontera Electric,2026,GS 44 kWh,SUV,BEV,Single-speed automatic,FWD,P1_EXACT_TRIM_APPLICABILITY,20,1,EXTRACTED,NONE,5,OM-SRC-OPEL-TR|OM-ART-OPEL-FRONTERA-2025-CA,https://www.opel.com.tr/owners/manuals.html|https://public-servicebox.opel.com/OVddb/OV/ca_ES/Frontera/2024_2029/2025_11/manual_user/OFRONCO2511ca-1_online.pdf,0,5,false,false,false,0,0,0,FAMILY_SCOPED_RETAINED,false
439,c87bdd8d-8c1b-562f-a665-e82df5ed0927,Peugeot,2008,2026,Allure Hybrid 145,SUV,HEV,6-speed dual-clutch automatic,FWD,P1_EXACT_TRIM_APPLICABILITY,19,1,EXTRACTED,NONE,8,OM-SRC-PEUGEOT-SERVICEBOX|OM-ART-PEUGEOT-2008-2025-EN,https://public.servicebox.peugeot.com/APddb/|https://public.servicebox.peugeot.com/APddb/modeles/2008.p2/p24/ed05-25/en_us/P2008BO2505en-1.pdf,0,8,false,false,false,0,0,0,FAMILY_SCOPED_RETAINED,false
440,c8d535d0-6c04-4dcb-8cf6-2bad5bd037e8,Toyota,Yaris,2026,Flame Hybrid 1.5 116 HP e-CVT,Hatchback,HEV,e-CVT automatic,FWD,P1_EXACT_TRIM_APPLICABILITY,28,2,EXTRACTED,NONE,5,OM-SRC-TOYOTA-TR|OM-ART-TOYOTA-YARIS-HEV-2026-TR,https://kullanicielkitaplari.toyota.com.tr/|https://turkiye.toyota.com.tr/Files/KILAVUZ/YARIS_HYBRID/Yaris_HEV_OM_OM9AG95T.pdf,0,5,false,false,false,0,0,0,FAMILY_SCOPED_RETAINED,false
441,c94fa76b-d405-5883-a608-c2f0179d7277,MINI,Cooper,2026,S Favoured,Hatchback,GASOLINE,7-speed dual-clutch automatic,FWD,P1_PRIMARY_SOURCE_ACCESS,19,1,ACCESS_REVIEW_REQUIRED,NONE,0,OM-SRC-ACCESS-REVIEW-17,https://www.mini.com/en_MS/home/owners/mini-digital-manual.html,0,0,false,false,false,0,0,0,RESEARCHED_INCONCLUSIVE,false
442,c9823dda-c8c4-5883-a3c3-896bba7203e3,Fiat,Egea Cross,2026,Urban 1.6 MultiJet 130 DCT,Crossover,DIESEL,6-speed dual-clutch automatic,FWD,P1_EXACT_TRIM_APPLICABILITY,19,1,EXTRACTED,NONE,11,OM-SRC-FIAT-ELUM|OM-ART-FIAT-EGEA-CROSS-TIPO-2022-EN|OM-ART-FIAT-EGEA-SEDAN-TIPO-2018-EN,https://aftersales.fiat.com/eLum/|https://aftersales.fiat.com/eLumData/EN/00/357_TIPO5P/00_357_TIPO5P_603.85.782_EN_02_11.22_L_LG/00_357_TIPO5P_603.85.782_EN_02_11.22_L_LG.pdf|https://aftersales.fiat.com/eLumData/EN/00/356_TIPO/00_356_TIPO_603.91.682_EN_01_06.18_L_LG/00_356_TIPO_603.91.682_EN_01_06.18_L_LG.pdf,0,7,false,false,false,0,0,0,FAMILY_SCOPED_RETAINED,false
443,ca8badc8-e100-537d-b54b-e73a804eeafe,Citroën,Berlingo,2026,Max 1.5 BlueHDi 130 EAT8,MPV,DIESEL,8-speed automatic,FWD,P1_EXACT_TRIM_APPLICABILITY,20,1,EXTRACTED,NONE,5,OM-SRC-CITROEN-SERVICE|OM-ART-CITROEN-BERLINGO-K9-2019-EN,https://service.citroen.com/ACddb/|https://service.citroen.com/ACddb/modeles/berlingo.k9/eGuide_k9vp_ed01-19_dag/pdfs/9999_9999_292_en-GB.pdf,0,5,false,false,false,0,0,0,FAMILY_SCOPED_RETAINED,false
444,cae88a9a-f765-5052-8df5-e6886a36b073,DS Automobiles,N°8,2026,Long Range AWD,Fastback SUV,BEV,Single-speed automatic,AWD,P1_PRIMARY_SOURCE_ACCESS,20,1,ACCESS_REVIEW_REQUIRED,NONE,0,OM-SRC-ACCESS-REVIEW-07,https://service.dsautomobiles.com/,0,0,false,false,false,0,0,0,RESEARCHED_INCONCLUSIVE,false
445,cb20a010-283f-51f2-b802-62f85121eab2,Opel,Movano,2026,3.5T L4H2 15 m³ 180,Panel Van,DIESEL,6-speed manual,FWD,P1_EXACT_TRIM_APPLICABILITY,17,1,EXTRACTED,NONE,7,OM-SRC-OPEL-TR|OM-ART-OPEL-MOVANO-C-2025-CA,https://www.opel.com.tr/owners/manuals.html|https://public-servicebox.opel.com/OVddb/OV/ca_ES/Movano_C/2021_2026/2025_12/manual_user/OMOVACO2512ca-2_online.pdf,0,7,false,false,false,0,0,0,FAMILY_SCOPED_RETAINED,false
446,cbf1a0a8-93a4-576f-b62f-d0fe67762aae,Kia,Sorento,2026,Prestige Smart 5 Koltuk 1.6 T-GDI HEV 239 4x4,SUV,HEV,6-speed automatic,AWD,P1_EXACT_TRIM_APPLICABILITY,19,1,EXTRACTED,NONE,5,OM-SRC-KIA-ITALY|OM-ART-KIA-SORENTO-2025-EN-GB,https://www.kia.com/it/service/warranty-guides/kia-owners-manual-and-guides/|https://ownersmanual.kia.com/full_webhelp/MQ4/2025/en_GB/toc.html,0,5,false,false,false,0,0,0,FAMILY_SCOPED_RETAINED,false
447,ce0ebbbb-0dbc-5410-953d-f257e64db7d2,Volvo,EX40,2026,Twin Motor Performance Ultra,SUV,BEV,Single-speed automatic,AWD,P1_EXACT_TRIM_APPLICABILITY,20,1,EXTRACTED,NONE,2,OM-SRC-VOLVO-UK|OM-ART-VOLVO-EX40-2026-TOWING-EN-UK-HTML,https://www.volvocars.com/uk/support/car/|https://www.volvocars.com/uk/support/car/ex40/article/0ed816eed33d98cac0a8cc377bc12bc7-70bede2dc073ca71c0a8b0975b1e6fa3-8664b2fa77a7e089c0a8296870d1a409/,0,2,false,false,false,0,0,0,FAMILY_SCOPED_RETAINED,false
448,ce5a5446-2cbe-59ee-b1c6-90ea3d7383a1,Toyota,Yaris,2026,Flame 1.5 Hybrid e-CVT,Hatchback,HEV,CVT automatic,FWD,P1_EXACT_TRIM_APPLICABILITY,19,1,EXTRACTED,NONE,5,OM-SRC-TOYOTA-TR|OM-ART-TOYOTA-YARIS-HEV-2026-TR,https://kullanicielkitaplari.toyota.com.tr/|https://turkiye.toyota.com.tr/Files/KILAVUZ/YARIS_HYBRID/Yaris_HEV_OM_OM9AG95T.pdf,0,5,false,false,false,0,0,0,FAMILY_SCOPED_RETAINED,false
449,cf52ab62-5510-54ef-9741-21df83329957,Citroën,Jumper,2026,4.2T 15m³ 2.2 BlueHDi 140 6MT,Panel Van,DIESEL,6-speed manual,FWD,P1_EXACT_TRIM_APPLICABILITY,15,1,EXTRACTED,NONE,9,OM-SRC-CITROEN-SERVICE|OM-ART-CITROEN-JUMPER-2025-EN,https://service.citroen.com/ACddb/|https://service.citroen.com/ACddb/modeles/jumper/jumper_jumper/ed12-25/en_us/CJPERCO2512en-2_preview.pdf,0,9,false,false,false,0,0,0,FAMILY_SCOPED_RETAINED,false
450,cf63bfb6-d503-5669-9799-6593f4b3f96b,Toyota,Hilux,2026,Invincible 2.8 D-4D 4x4 AT,Pickup,DIESEL,6-speed automatic,AWD,P1_EXACT_TRIM_APPLICABILITY,17,1,EXTRACTED,NONE,4,OM-SRC-TOYOTA-TR|OM-ART-TOYOTA-HILUX-2024-TR,https://kullanicielkitaplari.toyota.com.tr/|https://turkiye.toyota.com.tr/Files/KILAVUZ/HILUX/HILUX-OM_OM0K253T.pdf,0,4,false,false,true,4,4,0,FAMILY_SCOPED_RETAINED,true
451,d085d257-20db-51af-9a49-5e2fa65e4b17,Isuzu,D-Max,2026,V-Life 4x2 AT,Pickup,DIESEL,6-speed automatic,FWD,P1_PRIMARY_SOURCE_ACCESS,17,1,ACCESS_REVIEW_REQUIRED,NONE,0,OM-SRC-ACCESS-REVIEW-10,https://www.isuzu.com.tr/,0,0,false,false,false,0,0,0,RESEARCHED_INCONCLUSIVE,false
452,d196f92d-a1f9-5b1d-98c9-74ae9d5da500,KGM,Tivoli,2026,1.5 Turbo 4x2 AT,SUV,GASOLINE,6-speed automatic,FWD,P1_PRIMARY_SOURCE_ACCESS,19,1,ACCESS_REVIEW_REQUIRED,NONE,0,OM-SRC-ACCESS-REVIEW-13,https://www.kgm-motors.co.uk/faqs/,0,0,false,false,false,0,0,0,RESEARCHED_INCONCLUSIVE,false
453,d26e4518-be28-5138-bbd8-2a721f4b5163,Renault,Captur,2026,Esprit Alpine E-Tech Full Hybrid 160,SUV,HEV,Automatic,FWD,P1_EXACT_TRIM_APPLICABILITY,19,1,EXTRACTED,NONE,5,OM-SRC-RENAULT-GUIDE|OM-ART-RENAULT-CAPTUR-2025-EN,https://www.user-manual.renault.com/en|https://www.user-manual.renault.com/en/notice/25575/explore,0,5,false,false,false,0,0,0,FAMILY_SCOPED_RETAINED,false
454,d27b4bbc-db0b-5e3f-bbd4-d6f1a4a2184c,Hyundai,i20,2026,1.0 T-GDI 90PS MT Jump,Hatchback,GASOLINE,6-speed manual,FWD,P1_EXACT_TRIM_APPLICABILITY,37,1,EXTRACTED,NONE,7,OM-SRC-HYUNDAI-UK|OM-ART-HYUNDAI-I20-MY25-EN-GB,https://www.hyundai.com/uk/en/owners/owning-a-hyundai/owners-manuals.html|https://dmassets.hyundai.com/is/content/hyundaiautoever/i20_MY25pdf,0,7,false,false,false,0,0,0,FAMILY_SCOPED_RETAINED,false
455,d27ec137-448d-5d0c-9cf3-d0869ac754af,BMW,X2,2026,M35i xDrive,SUV,GASOLINE,Automatic,AWD,P1_PRIMARY_SOURCE_ACCESS,11,1,ACCESS_REVIEW_REQUIRED,NONE,0,OM-SRC-BMW-USA-VIN,https://www.bmwusa.com/owners-manuals.html,0,0,false,false,false,0,0,0,RESEARCHED_INCONCLUSIVE,false
456,d2d2a190-fefa-5a3b-9f59-9ac15d9463e6,Toyota,Proace Cargo,2026,Long 2.2 D-4D 180 AT,Panel Van,DIESEL,8-speed automatic,FWD,P1_EXACT_TRIM_APPLICABILITY,17,1,EXTRACTED,NONE,36,OM-SRC-TOYOTA-TR|OM-ART-TOYOTA-PROACE-CARGO-VERSO-2025-TR|OM-ART-TOYOTA-PROACE-CITY-2024-TR|OM-ART-TOYOTA-PROACE-CITY-CARGO-TR|OM-ART-TOYOTA-PROACE-MAX-2025-TR,https://kullanicielkitaplari.toyota.com.tr/|https://turkiye.toyota.com.tr/Files/KILAVUZ/PROACE_VERSO/Proace_ProaceVerso_OMK0L00T.pdf|https://turkiye.toyota.com.tr/Files/KILAVUZ/PROACE_CITY_CARGO/Proace_Kull.El%20Kit._OMK9L00T.pdf|https://turkiye.toyota.com.tr/Files/KILAVUZ/PROACE_CITY_CARGO/ProaceCityCargo_OMK9E06T.pdf|https://turkiye.toyota.com.tr/Files/KILAVUZ/PROACE_MAX/OM_PZ49X-MAX24-TR.pdf,0,13,false,false,false,0,0,0,FAMILY_SCOPED_RETAINED,false
457,d3016e28-fe9c-5994-bd03-0aa75913d2b4,Volkswagen,Tiguan,2026,R-Line 1.5 eHybrid 204 DSG,SUV,PHEV,6-speed dual-clutch automatic,FWD,P1_PRIMARY_SOURCE_ACCESS,21,1,ACCESS_REVIEW_REQUIRED,NONE,0,OM-SRC-VW-VIN-TR,https://userguide.volkswagen.de/public/vin/login/tr_TR,0,0,false,false,false,0,0,0,RESEARCHED_INCONCLUSIVE,false
458,d458eaa8-c7f0-5753-b2f7-208e53fbeafd,Citroën,ë-C3 Aircross,2026,Collection 83 kW Uzun Menzil,SUV,BEV,Single-speed reduction gear,FWD,P1_EXACT_TRIM_APPLICABILITY,25,1,EXTRACTED,NONE,6,OM-SRC-CITROEN-SERVICE|OM-ART-CITROEN-C3-AIRCROSS-2024-ES,https://service.citroen.com/ACddb/|https://service.citroen.com/ACddb/modeles/c3aircross.cc2eu/eGuide_cc24eu_ed01-24/pdfs/9999_9999_529_es-ES.pdf,0,6,false,false,false,0,0,0,FAMILY_SCOPED_RETAINED,false
459,d4c8ee7e-0e60-57dc-a421-e38b3b6cddc4,Volvo,XC90,2026,T8 Ultra Plug-in Hybrid,SUV,PHEV,8-speed automatic,AWD,P1_EXACT_TRIM_APPLICABILITY,21,1,EXTRACTED,NONE,2,OM-SRC-VOLVO-UK|OM-ART-VOLVO-XC90-2021-SAFETY-NET-EN-UK-HTML,https://www.volvocars.com/uk/support/car/|https://www.volvocars.com/uk/support/car/xc90/21w22/article/6da7ea45a27bb840c0a801514b9671de/,0,2,false,false,false,0,0,0,FAMILY_SCOPED_RETAINED,false
460,d4ffd990-00a9-5928-b8ba-c52dc5a26030,Honda,Prelude,2026,Advance 2.0 e:HEV,Coupe,HEV,e-CVT automatic,FWD,P1_EXACT_TRIM_APPLICABILITY,19,1,EXTRACTED,NONE,6,OM-SRC-HONDA-UK|OM-ART-HONDA-PRELUDE-26MY-EN-GB,https://www.honda.co.uk/cars/owners/manuals-and-guides/honda-owners-manuals.html|https://www.honda.co.uk/content/honda/en_gb/cars/owners/manuals-and-guides/honda-owners-manuals/jcr:content/par1/textcolumnwithimagem_572141196/textColumn/richtextdownload_e48/file.res/3236W600_26YM%20Prelude%20OM_TEXT_EN_1125_web%201.pdf,0,6,false,false,false,0,0,0,FAMILY_SCOPED_RETAINED,false
461,d5b850b5-113d-5a1e-aba5-f18fbafe5ed8,Volvo,V60,2026,B4 Plus Dark,Station Wagon,MHEV,8-speed automatic,FWD,P1_EXACT_TRIM_APPLICABILITY,19,1,EXTRACTED,NONE,2,OM-SRC-VOLVO-UK|OM-ART-VOLVO-V60-2021-SAFETY-NET-EN-UK-HTML,https://www.volvocars.com/uk/support/car/|https://www.volvocars.com/uk/support/car/v60/21w22/article/c58a249ac7f9b50ac0a81f6f4effe09e/d063561fc7fa1cadc0a81f6f7f4c4583/6da7ea45a27bb840c0a801514b9671de/,0,2,false,false,false,0,0,0,FAMILY_SCOPED_RETAINED,false
462,d5bca243-0033-5696-9935-08edf48f2bce,Opel,Zafira,2026,Edition Plus XL 2.2 180 EAT8,Passenger Van,DIESEL,8-speed automatic,FWD,P1_EXACT_TRIM_APPLICABILITY,16,1,EXTRACTED,NONE,11,OM-SRC-OPEL-TR|OM-ART-OPEL-VIVARO-ZAFIRA-2025-CA,https://www.opel.com.tr/owners/manuals.html|https://public-servicebox.opel.com/OVddb/OV/ca_ES/Vivaro_C/2020_2025/2025_05/manual_user/OVIVACO2505ca-1_online.pdf,0,11,false,false,false,0,0,0,FAMILY_SCOPED_RETAINED,false
463,d6623149-79a9-5c22-b5f8-afcd76951ab5,SEAT,Ibiza,2026,FR 1.5 EcoTSI 150 DSG,Hatchback,GASOLINE,7-speed dual-clutch automatic,FWD,P1_EXACT_TRIM_APPLICABILITY,19,1,EXTRACTED,NONE,9,OM-SRC-SEAT-GLOBAL|OM-ART-SEAT-IBIZA-2022-EN,https://www.seat.com/owners/about-my-car/manuals|https://www.seat.com/datamanual-manual/ibiza/my23_w45/en-uk/IBIZA_11_22_EN.pdf,0,9,false,false,false,0,0,0,FAMILY_SCOPED_RETAINED,false
464,d671819b-a90b-54d6-b20a-d230d6c69677,Dacia,Logan,2026,essential TCe 100 6MT,Sedan,GASOLINE,6-speed manual,FWD,P1_EXACT_TRIM_APPLICABILITY,19,1,EXTRACTED,NONE,5,OM-SRC-DACIA-GLOBAL|OM-ART-DACIA-LOGAN-2026-SL,https://www.user-manual.dacia.com/en|https://www.user-manual.dacia.com/sites/dacia/files/GUI_NU_DAC_XJI_1687_1_0_LHD-RHD_PRNT-sl-SI.pdf,0,5,false,false,false,0,0,0,FAMILY_SCOPED_RETAINED,false
465,d685fd75-0d6b-5107-9339-a5f25b46b5ed,Fiat,Topolino,2026,Dolcevita 6 kW,Quadricycle,BEV,Single-speed automatic,FWD,P1_EXACT_TRIM_APPLICABILITY,19,1,EXTRACTED,NONE,3,OM-SRC-FIAT-ELUM|OM-ART-FIAT-TOPOLINO-2023-EN-QUICK-GUIDE,https://aftersales.fiat.com/eLum/|https://aftersales.fiat.com/eLumData/EN/00/354_TOPOLINO/00_354_TOPOLINO_530.02.635_EN_02_11.23_L_LG/00_354_TOPOLINO_530.02.635_EN_02_11.23_L_LG.pdf,0,3,false,false,false,0,0,0,FAMILY_SCOPED_RETAINED,false
466,d7672543-bf45-5aa5-858b-8be64725aa4d,Nissan,X-Trail,2026,Skypack e-POWER,SUV,HEV,Automatic,FWD,P1_EXACT_TRIM_APPLICABILITY,19,1,EXTRACTED,NONE,7,OM-SRC-NISSAN-UK|OM-ART-NISSAN-XTRAIL-2024-EN-IN,https://www.nissan.co.uk/owners/car-repair/car-owner-manual/all-manuals/iom.shtml|https://www-asia.nissan-cdn.net/content/dam/Nissan/in/brochures/XTRAIL-OM-Booklet-Version-02Aug24.pdf,0,7,false,false,false,0,0,0,FAMILY_SCOPED_RETAINED,false
467,d76e9e71-1330-5e75-be83-0221736730ae,BYD,SEAL,2025,Excellence,Sedan,BEV,Single-speed automatic,AWD,P1_EXACT_TRIM_APPLICABILITY,20,1,EXTRACTED,NONE,25,OM-SRC-BYD-EU|OM-ART-BYD-SEAL-TR|OM-ART-BYD-SEAL-U-DMI-TR|OM-ART-BYD-SEAL-U-EV-TR|OM-ART-BYD-SEALION7-TR,https://www.byd.com/eu/service-maintenance/owners-manual|https://www.byd.com/material/byd-site/eu/support/service/manual/20250219/BYD%20SEAL%20Kullan%C4%B1m%20K%C4%B1lavuzu-Soldan%20Direksiyon-TR.pdf|https://www.byd.com/material/byd-site/eu/support/service/manual/20241107/seal-u-dmi/BYD%20SEAL%20U%20DM-i%20Kullan%C4%B1m%20K%C4%B1lavuzu-Soldan%20Direksiyon-TR.pdf|https://www.byd.com/material/byd-site/eu/support/service/manual/20241030/seal-u-ev/BYD%20SEAL%20U%20EV%20Kullan%C4%B1m%20K%C4%B1lavuzu-Soldan%20Direksiyon-TR.pdf|https://www.byd.com/material/sealion-7/BYD%20SEALION%207%20Kullan%C4%B1m%20K%C4%B1lavuzu-Soldan%20Direksiyon-20260306-TR.pdf,0,7,false,false,false,0,0,0,FAMILY_SCOPED_RETAINED,false
468,d7b022b1-582f-583b-b9fd-0982ff79974c,Toyota,Toyota C-HR,2026,Passion 1.8 Hybrid e-CVT,Fastback SUV,HEV,CVT automatic,FWD,P1_EXACT_TRIM_APPLICABILITY,19,1,EXTRACTED,NONE,7,OM-SRC-TOYOTA-TR|OM-ART-TOYOTA-CHR-HEV-2025-TR,https://kullanicielkitaplari.toyota.com.tr/|https://turkiye.toyota.com.tr/Files/KILAVUZ/C-HR_HYBRID/CHR_HEV_OM9AJ31T.pdf,0,7,false,false,false,0,0,0,FAMILY_SCOPED_RETAINED,false
469,d88a9d50-5c26-5661-b7ad-0a4ee5f96a79,Volkswagen,Polo,2026,Style 1.0 TSI 116 DSG,Hatchback,GASOLINE,7-speed dual-clutch automatic,FWD,P1_PRIMARY_SOURCE_ACCESS,19,1,ACCESS_REVIEW_REQUIRED,NONE,0,OM-SRC-VW-VIN-TR,https://userguide.volkswagen.de/public/vin/login/tr_TR,0,0,false,false,false,0,0,0,RESEARCHED_INCONCLUSIVE,false
470,d8aceb59-e8fa-5bb6-a082-4527dbb16937,Toyota,Land Cruiser Prado,2026,2.8 D-4D MHEV 4x4,SUV,MHEV,8-speed automatic,AWD,P1_EXACT_TRIM_APPLICABILITY,19,1,EXTRACTED,NONE,8,OM-SRC-TOYOTA-TR|OM-ART-TOYOTA-LC-PRADO-2024-TR,https://kullanicielkitaplari.toyota.com.tr/|https://turkiye.toyota.com.tr/Files/KILAVUZ/LAND_CRUISER_PRADO/LC250-PRADO_OM9A732T.pdf,0,8,false,false,false,0,0,0,FAMILY_SCOPED_RETAINED,false
471,d8d45ff8-5771-5830-88c5-ef7e02a5f921,KGM,Rexton,2026,2.2 Diesel 4x4 AT,SUV,DIESEL,8-speed automatic,AWD,P1_PRIMARY_SOURCE_ACCESS,19,1,ACCESS_REVIEW_REQUIRED,NONE,0,OM-SRC-ACCESS-REVIEW-13,https://www.kgm-motors.co.uk/faqs/,0,0,false,false,false,0,0,0,RESEARCHED_INCONCLUSIVE,false
472,d9db65bb-192c-5346-8d6c-411c8bb24ac8,MG,HS,2026,Luxury 1.5 Turbo,SUV,GASOLINE,7-speed dual-clutch automatic,FWD,P1_EXACT_TRIM_APPLICABILITY,19,1,EXTRACTED,NONE,13,OM-SRC-MG-EU|OM-ART-MG-EHS-2023-ES|OM-ART-MG-HS-ES,https://www.mgmotor.eu/owners/manuals|https://cdn.mgmotor.eu/images/hero-image/EHS-2023_Manual-Usuario.pdf|https://cdn.mgmotor.eu/images/hero-image/Manual-Propietario-HS-ICE-PHEV-ES.pdf,0,8,false,false,false,0,0,0,FAMILY_SCOPED_RETAINED,false
473,d9f64eb2-9231-5b84-9908-cfafee173787,Togg,T10X,2026,V2 4More Obsidiyen,SUV,BEV,Single-speed automatic,AWD,P1_EXACT_TRIM_APPLICABILITY,20,1,EXTRACTED,NONE,7,OM-SRC-TOGG-TR|OM-ART-TOGG-T10X-TR,https://www.togg.com.tr/digital-user-manual|https://trumore-cdn.togg.cloud/T10X_Kullanici_El_Kitabi_TR_TR.pdf,0,7,false,false,false,0,0,0,FAMILY_SCOPED_RETAINED,false
474,db2d6503-f10f-41a4-ad11-b2ca71e59d32,Toyota,Corolla,2026,Flame X-Pack Hybrid 1.8 140 HP e-CVT,Sedan,HEV,e-CVT automatic,FWD,P1_EXACT_TRIM_APPLICABILITY,12,1,EXTRACTED,NONE,26,OM-SRC-TOYOTA-TR|OM-ART-TOYOTA-COROLLA-2026-TR|OM-ART-TOYOTA-COROLLA-CROSS-2025-TR|OM-ART-TOYOTA-COROLLA-HB-2026-TR|OM-ART-TOYOTA-COROLLA-HEV-2026-TR,https://kullanicielkitaplari.toyota.com.tr/|https://turkiye.toyota.com.tr/Files/KILAVUZ/COROLLA/Corolla_OM_OM9AL65T.pdf|https://turkiye.toyota.com.tr/Files/KILAVUZ/COROLLA%20CROSS%20HYBRID/CorollaCross_HEV_OM_OM9AK33T.pdf|https://turkiye.toyota.com.tr/Files/KILAVUZ/COROLLA_HB_HYBRID/Corolla_HB_Hybrid_OM_OM9AL73T.pdf|https://turkiye.toyota.com.tr/Files/KILAVUZ/COROLLA_HYBRID/Corolla_Hybrid_OM_OM9AL68T.pdf,0,9,false,false,false,0,0,0,FAMILY_SCOPED_RETAINED,false
475,db7a8dff-9338-5d3f-bc68-b6e6da138786,Porsche,911,2026,Carrera,Coupe,GASOLINE,8-speed dual-clutch automatic,FWD,P1_PRIMARY_SOURCE_ACCESS,19,1,ACCESS_REVIEW_REQUIRED,NONE,0,OM-SRC-ACCESS-REVIEW-19,https://manual.porsche.com/,0,0,false,false,false,0,0,0,RESEARCHED_INCONCLUSIVE,false
476,dc4d2d7b-7d59-5123-89f4-24e6050ce536,BMW,X1,2026,sDrive20i,SUV,MHEV,Automatic,FWD,P1_PRIMARY_SOURCE_ACCESS,11,1,ACCESS_REVIEW_REQUIRED,NONE,0,OM-SRC-BMW-USA-VIN,https://www.bmwusa.com/owners-manuals.html,0,0,false,false,false,0,0,0,RESEARCHED_INCONCLUSIVE,false
477,dd247caa-2ffa-53dc-b007-bd89b34d0e9d,Jeep,Avenger,2026,Summit Electric 54 kWh,SUV,BEV,Single-speed automatic,FWD,P1_PRIMARY_SOURCE_ACCESS,20,1,ACCESS_REVIEW_REQUIRED,NONE,0,OM-SRC-ACCESS-REVIEW-12,https://aftersales.fiat.com/eLum/,0,0,false,false,false,0,0,0,RESEARCHED_INCONCLUSIVE,false
478,dde54697-8c00-5e02-a43b-e775ecf83130,BYD,ATTO 3,2025,Design,SUV,BEV,Single-speed automatic,FWD,P1_EXACT_TRIM_APPLICABILITY,20,1,EXTRACTED,NONE,7,OM-SRC-BYD-EU|OM-ART-BYD-ATTO3-2024-EN,https://www.byd.com/eu/service-maintenance/owners-manual|https://www.byd.com/material/byd-site/eu/support/service/manual/20250219/BYD%20ATTO3%20%282024%29%20Owner%27s%20Manual-Left-hand%20Drive-EN-250103.pdf,0,7,false,false,false,0,0,0,FAMILY_SCOPED_RETAINED,false
479,ddea5877-b087-5910-ac79-d52ea03f201b,Mercedes-Benz,EQA,2026,EQA 250+ AMG,SUV,BEV,Single-speed automatic,FWD,P1_EXACT_TRIM_APPLICABILITY,20,1,EXTRACTED,NONE,3,OM-SRC-MERCEDES-UK|OM-ART-MERCEDES-EQA-2024-EN,https://www.mercedes-benz.co.uk/passengercars/services/manuals.html|https://static.oneweb.mercedes-benz.com/css-oom-assets/en-lb/pdf/mercedes-eqa-suv-2024-october-h243-mbux-owners-manual-1.pdf,0,3,false,false,false,0,0,0,FAMILY_SCOPED_RETAINED,false
480,de97d092-7091-5dbe-b404-c7d596df2d43,Volvo,XC60,2026,T8 Ultra Plug-in Hybrid,SUV,PHEV,8-speed automatic,AWD,P1_EXACT_TRIM_APPLICABILITY,21,1,EXTRACTED,NONE,1,OM-SRC-VOLVO-UK|OM-ART-VOLVO-XC60-2020-ROOF-LOAD-EN-UK-HTML,https://www.volvocars.com/uk/support/car/|https://www.volvocars.com/uk/support/car/xc60/18w46/article/c58a249ac7f9b50ac0a81f6f4effe09e/d063561fc7fa1cadc0a81f6f7f4c4583/35dc4a31a22d827dc0a8015115b1c0e7/,0,1,false,false,false,0,0,0,FAMILY_SCOPED_RETAINED,false
481,df970223-67e8-51c3-8895-4b540756e73b,Mercedes-Benz,AMG GT,2026,Mercedes-AMG GT 63 4MATIC+,Coupe,GASOLINE,9-speed automatic,AWD,P1_EXACT_TRIM_APPLICABILITY,19,1,EXTRACTED,NONE,3,OM-SRC-MERCEDES-UK|OM-ART-MERCEDES-AMG-GT-2025-EN,https://www.mercedes-benz.co.uk/passengercars/services/manuals.html|https://static.oneweb.mercedes-benz.com/css-oom-assets/en-ab/pdf/mercedes-amg-gt-4-door-coupe-2025-january-x290-mbux-owners-manual-1.pdf,0,3,false,false,false,0,0,0,FAMILY_SCOPED_RETAINED,false
482,e021ffc1-f1a7-55f8-8f1a-f9fab31dcc7e,Citroën,C3 Aircross Hybrid 145,2026,Max 1.2 Hybrid 145 eDCS6,SUV,MHEV,6-speed dual-clutch automatic,FWD,P1_EXACT_TRIM_APPLICABILITY,23,1,EXTRACTED,NONE,6,OM-SRC-CITROEN-SERVICE|OM-ART-CITROEN-C3-AIRCROSS-2024-ES,https://service.citroen.com/ACddb/|https://service.citroen.com/ACddb/modeles/c3aircross.cc2eu/eGuide_cc24eu_ed01-24/pdfs/9999_9999_529_es-ES.pdf,0,6,false,false,false,0,0,0,FAMILY_SCOPED_RETAINED,false
483,e09c81aa-6324-5b20-9cd8-90dc806a5ae9,Fiat,Egea Sedan,2026,Easy 1.6 MultiJet 130 6MT,Sedan,DIESEL,6-speed manual,FWD,P1_EXACT_TRIM_APPLICABILITY,19,1,EXTRACTED,NONE,11,OM-SRC-FIAT-ELUM|OM-ART-FIAT-EGEA-CROSS-TIPO-2022-EN|OM-ART-FIAT-EGEA-SEDAN-TIPO-2018-EN,https://aftersales.fiat.com/eLum/|https://aftersales.fiat.com/eLumData/EN/00/357_TIPO5P/00_357_TIPO5P_603.85.782_EN_02_11.22_L_LG/00_357_TIPO5P_603.85.782_EN_02_11.22_L_LG.pdf|https://aftersales.fiat.com/eLumData/EN/00/356_TIPO/00_356_TIPO_603.91.682_EN_01_06.18_L_LG/00_356_TIPO_603.91.682_EN_01_06.18_L_LG.pdf,0,7,false,false,false,0,0,0,FAMILY_SCOPED_RETAINED,false
484,e0f40f24-1cca-5486-805c-7c1e30859a60,Hongqi,E-QM5,2026,54 kWh FWD,Sedan,BEV,Single-speed automatic,FWD,P1_PRIMARY_SOURCE_ACCESS,20,1,ACCESS_REVIEW_REQUIRED,NONE,0,OM-SRC-ACCESS-REVIEW-09,https://www.hongqi-auto.com/,0,0,false,false,false,0,0,0,RESEARCHED_INCONCLUSIVE,false
485,e18910b3-cd71-5400-9fc1-73197c22325b,Peugeot,Partner Van,2026,Long 1.5 BlueHDi 130 EAT8,Panel Van,DIESEL,8-speed automatic,FWD,P1_EXACT_TRIM_APPLICABILITY,17,1,EXTRACTED,NONE,5,OM-SRC-PEUGEOT-SERVICEBOX|OM-ART-PEUGEOT-PARTNER-K9-2021-EN,https://public.servicebox.peugeot.com/APddb/|https://public.servicebox.peugeot.com/APddb/modeles/partner.k9/eGuide_k9vu_ed01-21/pdfs/9999_9999_390_en-GB.pdf,0,5,false,false,false,0,0,0,FAMILY_SCOPED_RETAINED,false
486,e214c601-6f7d-5418-b23b-1d9387615756,Fiat,500e,2026,Cabrio 42 kWh,Convertible,BEV,Single-speed automatic,FWD,P1_EXACT_TRIM_APPLICABILITY,20,1,EXTRACTED,NONE,10,OM-SRC-FIAT-ELUM|OM-ART-FIAT-500E-2022-EN,https://aftersales.fiat.com/eLum/|https://aftersales.fiat.com/eLumData/EN/00/332_NUOVA500/00_332_NUOVA500_603.85.570_EN_04_01.22_L_LG/00_332_NUOVA500_603.85.570_EN_04_01.22_L_LG.pdf,0,10,false,false,false,0,0,0,FAMILY_SCOPED_RETAINED,false
487,e3248126-f374-44ff-9dbe-5378ab308a02,Toyota,Yaris Cross,2026,Hybrid Dream 1.5 130 HP e-CVT,SUV,HEV,e-CVT automatic,FWD,P1_EXACT_TRIM_APPLICABILITY,23,1,EXTRACTED,NONE,8,OM-SRC-TOYOTA-TR|OM-ART-TOYOTA-YARIS-CROSS-HEV-2026-TR,https://kullanicielkitaplari.toyota.com.tr/|https://turkiye.toyota.com.tr/Files/KILAVUZ/YARIS_CROSS_HYBRID/Yaris%20Cross_HEV_OM_OM9AG74T.pdf,0,8,false,false,false,0,0,0,FAMILY_SCOPED_RETAINED,false
488,e35907d3-83ca-592a-a2fa-8f6b459478aa,CUPRA,Born,2026,77 kWh 150 kW,Hatchback,BEV,Single-speed automatic,RWD,P1_EXACT_TRIM_APPLICABILITY,25,1,EXTRACTED,NONE,6,OM-SRC-CUPRA-UK|OM-ART-CUPRA-BORN-2021-EN,https://www.cupraofficial.com/owners/cupra-car-model-manuals.html|https://www.cupraofficial.com/content/dam/public/cupra-website/owners/cupra-manuals/brochures/cupra-born/CUPRA_BORN_from_NOVEMBER_2021_English.pdf,0,6,false,false,false,0,0,0,FAMILY_SCOPED_RETAINED,false
489,e3af8d9d-f36a-5863-84a6-c0c6bd03ac64,Citroën,C5 Aircross Hybrid 145,2026,Max 1.2 Hybrid 145 eDCS6,SUV,MHEV,6-speed dual-clutch automatic,FWD,P1_EXACT_TRIM_APPLICABILITY,23,1,EXTRACTED,NONE,8,OM-SRC-CITROEN-SERVICE|OM-ART-CITROEN-C5-AIRCROSS-2025-EN,https://service.citroen.com/ACddb/|https://service.citroen.com/ACddb/modeles/c5ac.cr3/cr3/ed07-25/en_us/CC5ACBO2507en-1.pdf,0,8,false,false,false,0,0,0,FAMILY_SCOPED_RETAINED,false
490,e4ef12a2-b773-5d9a-97d2-fa2ab0b59fdb,Land Rover,Range Rover Velar,2026,Dynamic SE P250,SUV,GASOLINE,8-speed automatic,AWD,P1_EXACT_TRIM_APPLICABILITY,19,1,EXTRACTED,NONE,1,OM-SRC-LAND-ROVER-IGUIDE|OM-ART-LAND-ROVER-RANGE-ROVER-VELAR-2024-TAILGATE-EN,https://www.ownerinfo.landrover.com/|https://www.ownerinfo.landrover.com/document/3B/2024/1686122/proc/G3272952/G3294181,0,1,false,false,false,0,0,0,FAMILY_SCOPED_RETAINED,false
491,e5ba9696-c9f6-507d-9794-6ac770b85fa0,Citroën,Jumpy Kamyonet,2026,Kamyonet 2.2 BlueHDi 150 6MT,Chassis Cab,DIESEL,6-speed manual,FWD,P1_EXACT_TRIM_APPLICABILITY,14,1,EXTRACTED,NONE,8,OM-SRC-CITROEN-SERVICE|OM-ART-CITROEN-JUMPY-SPACETOURER-2018-FR,https://service.citroen.com/ACddb/|https://service.citroen.com/ACddb/modeles/jumpy/eGuide_jumpy_jumpy3vp_ed01-18/pdfs/9999_9999_268_fr-FR.pdf,0,8,false,false,false,0,0,0,FAMILY_SCOPED_RETAINED,false
492,e67b42cc-1fa6-5d26-a1b2-30d844374ada,Chery,TIGGO7,2026,Prestige 4x4 1.6 TGDI 145hp 7DCT,SUV,GASOLINE,7-speed automatic DCT,AWD,P1_PRIMARY_SOURCE_ACCESS,24,1,ACCESS_REVIEW_REQUIRED,NONE,0,OM-SRC-ACCESS-REVIEW-05,https://www.cherytr.com/,0,0,false,false,false,0,0,0,RESEARCHED_INCONCLUSIVE,false
493,e729a5aa-055c-57a0-bf43-0208d20c96ee,Ford,Transit Custom,2026,Trend 2.0 EcoBlue 136,Panel Van,DIESEL,6-speed manual,FWD,P1_EXACT_TRIM_APPLICABILITY,18,1,EXTRACTED,NONE,19,OM-SRC-FORD-TR|OM-ART-FORD-TRANSIT-2026-EN-AUS|OM-ART-FORD-TRANSIT-CUSTOM-2026-EN-GB,https://www.fordservicecontent.com/Ford_Content/vdirsnet/OwnerManual/|https://www.fordservicecontent.com/Ford_Content/Catalog/owner_information/CG3797en-202509-20250922100228.pdf|https://www.fordservicecontent.com/Ford_Content/Catalog/owner_information/CG3964en-202509-20250910123628.pdf,0,12,false,false,false,0,0,0,FAMILY_SCOPED_RETAINED,false
494,e826371f-8d38-5cfd-a1c6-495663945f6e,BMW,i5 Sedan,2026,M60 xDrive,Sedan,BEV,Single-speed automatic,AWD,P1_PRIMARY_SOURCE_ACCESS,18,1,ACCESS_REVIEW_REQUIRED,NONE,0,OM-SRC-BMW-USA-VIN,https://www.bmwusa.com/owners-manuals.html,0,0,false,false,false,0,0,0,RESEARCHED_INCONCLUSIVE,false
495,e8cee0bf-797b-5f2d-812f-213a78fbed35,Fiat,500e,2026,Hatchback 42 kWh,Hatchback,BEV,Single-speed automatic,FWD,P1_EXACT_TRIM_APPLICABILITY,20,1,EXTRACTED,NONE,10,OM-SRC-FIAT-ELUM|OM-ART-FIAT-500E-2022-EN,https://aftersales.fiat.com/eLum/|https://aftersales.fiat.com/eLumData/EN/00/332_NUOVA500/00_332_NUOVA500_603.85.570_EN_04_01.22_L_LG/00_332_NUOVA500_603.85.570_EN_04_01.22_L_LG.pdf,0,10,false,false,false,0,0,0,FAMILY_SCOPED_RETAINED,false
496,e9eb90d0-c858-5cc0-9b85-0afc4c834f19,Volkswagen,ID.Buzz Cargo,2026,Pro 79 kWh,Panel Van,BEV,Single-speed automatic,FWD,P1_PRIMARY_SOURCE_ACCESS,21,1,ACCESS_REVIEW_REQUIRED,NONE,0,OM-SRC-VW-VIN-TR,https://userguide.volkswagen.de/public/vin/login/tr_TR,0,0,false,false,false,0,0,0,RESEARCHED_INCONCLUSIVE,false
497,ea4c9559-3336-5bea-91bb-784ee77f559a,Hyundai,BAYON,2026,1.0 T-GDI 90 PS DCT Style,SUV,GASOLINE,7-speed dual-clutch automatic,FWD,P1_EXACT_TRIM_APPLICABILITY,30,1,EXTRACTED,NONE,7,OM-SRC-HYUNDAI-UK|OM-ART-HYUNDAI-BAYON-EN-GB,https://www.hyundai.com/uk/en/owners/owning-a-hyundai/owners-manuals.html|https://dmassets.hyundai.com/is/content/hyundaiautoever/i20+Bayon+BC3pdf,0,7,false,false,false,0,0,0,FAMILY_SCOPED_RETAINED,false
498,ea882702-21eb-5778-9f86-04138aedaefe,Volkswagen,ID.7,2026,Pro S 210 kW,Liftback,BEV,Single-speed automatic,FWD,P1_PRIMARY_SOURCE_ACCESS,20,1,ACCESS_REVIEW_REQUIRED,NONE,0,OM-SRC-VW-VIN-TR,https://userguide.volkswagen.de/public/vin/login/tr_TR,0,0,false,false,false,0,0,0,RESEARCHED_INCONCLUSIVE,false
499,ea91133d-ec9a-5944-b67e-caf70e4927c9,Peugeot,5008,2026,GT Hybrid 145,SUV,HEV,6-speed dual-clutch automatic,FWD,P1_EXACT_TRIM_APPLICABILITY,19,1,EXTRACTED,NONE,7,OM-SRC-PEUGEOT-SERVICEBOX|OM-ART-PEUGEOT-3008-5008-2024-EN-GB,https://public.servicebox.peugeot.com/APddb/|https://public.servicebox.peugeot.com/APddb/modeles/3008.p6/eGuide_p64_ed01-24_dag/pdfs/9999_9999_527_en-GB.pdf,0,7,false,false,false,0,0,0,FAMILY_SCOPED_RETAINED,false
500,eb781920-1d63-5ce1-8dcd-594e5feb4ffa,Isuzu,D-Max,2026,V-Go 4x4 MT,Pickup,DIESEL,6-speed manual,AWD,P1_PRIMARY_SOURCE_ACCESS,17,1,ACCESS_REVIEW_REQUIRED,NONE,0,OM-SRC-ACCESS-REVIEW-10,https://www.isuzu.com.tr/,0,0,false,false,false,0,0,0,RESEARCHED_INCONCLUSIVE,false
501,eb7a93a9-bd09-5dc5-9041-6adaeb206738,Lexus,RX,2026,RX 500h F Sport Performance,SUV,HEV,6-speed automatic,AWD,P1_EXACT_TRIM_APPLICABILITY,19,1,EXTRACTED,NONE,1,OM-SRC-LEXUS-EU|OM-ART-LEXUS-RX-2025-SEAT-HEATER-JA-JP-HTML,https://www.lexus.eu/owners/connected-services/manuals|https://manual.lexus.jp/rx/3077/hev/ja_JP/contents/vhch05se020403.php,0,1,false,false,false,0,0,0,FAMILY_SCOPED_RETAINED,false
502,eb7e2d56-253e-5708-b51f-ec7d18e1c622,Peugeot,Expert Van,2026,Long 2.2 BlueHDi 180 EAT8,Panel Van,DIESEL,8-speed automatic,FWD,P1_EXACT_TRIM_APPLICABILITY,17,1,EXTRACTED,NONE,9,OM-SRC-PEUGEOT-SERVICEBOX|OM-ART-PEUGEOT-EXPERT-TRAVELLER-2025-EN,https://public.servicebox.peugeot.com/APddb/|https://public.servicebox.peugeot.com/APddb/modeles/expert/expert_expert3vu/ed05-25/en_us/PEXTRCO2505en-1.pdf,0,9,false,false,false,0,0,0,FAMILY_SCOPED_RETAINED,false
503,eba5d4eb-2064-52d1-9d15-cfbce44dbaa1,Hyundai,i20,2026,1.0 T-GDI 90PS DCT Style GSR2C,Hatchback,GASOLINE,7-speed dual-clutch automatic,FWD,P1_EXACT_TRIM_APPLICABILITY,38,1,EXTRACTED,NONE,7,OM-SRC-HYUNDAI-UK|OM-ART-HYUNDAI-I20-MY25-EN-GB,https://www.hyundai.com/uk/en/owners/owning-a-hyundai/owners-manuals.html|https://dmassets.hyundai.com/is/content/hyundaiautoever/i20_MY25pdf,0,7,false,false,false,0,0,0,FAMILY_SCOPED_RETAINED,false
504,ebc626dc-01e8-5109-83cc-135541c6934d,Maserati,Grecale Folgore,2026,105 kWh AWD,SUV,BEV,Single-speed automatic,AWD,P1_PRIMARY_SOURCE_ACCESS,20,1,ACCESS_REVIEW_REQUIRED,NONE,0,OM-SRC-ACCESS-REVIEW-16,https://guides.maserati.com/,0,0,false,false,false,0,0,0,RESEARCHED_INCONCLUSIVE,false
505,ebc6a63e-7ba3-5004-975f-98c86a9036f8,Toyota,Corolla Cross,2026,Passion 1.8 Hybrid e-CVT,SUV,HEV,CVT automatic,FWD,P1_EXACT_TRIM_APPLICABILITY,19,1,EXTRACTED,NONE,26,OM-SRC-TOYOTA-TR|OM-ART-TOYOTA-COROLLA-2026-TR|OM-ART-TOYOTA-COROLLA-CROSS-2025-TR|OM-ART-TOYOTA-COROLLA-HB-2026-TR|OM-ART-TOYOTA-COROLLA-HEV-2026-TR,https://kullanicielkitaplari.toyota.com.tr/|https://turkiye.toyota.com.tr/Files/KILAVUZ/COROLLA/Corolla_OM_OM9AL65T.pdf|https://turkiye.toyota.com.tr/Files/KILAVUZ/COROLLA%20CROSS%20HYBRID/CorollaCross_HEV_OM_OM9AK33T.pdf|https://turkiye.toyota.com.tr/Files/KILAVUZ/COROLLA_HB_HYBRID/Corolla_HB_Hybrid_OM_OM9AL73T.pdf|https://turkiye.toyota.com.tr/Files/KILAVUZ/COROLLA_HYBRID/Corolla_Hybrid_OM_OM9AL68T.pdf,0,9,false,false,false,0,0,0,FAMILY_SCOPED_RETAINED,false
506,ebcac0a6-2a06-5661-a59e-53e7b4532983,Chery,TIGGO7,2026,Comfort 4x2 1.6 TGDI 145hp 7DCT,SUV,GASOLINE,7-speed automatic DCT,FWD,P1_PRIMARY_SOURCE_ACCESS,24,1,ACCESS_REVIEW_REQUIRED,NONE,0,OM-SRC-ACCESS-REVIEW-05,https://www.cherytr.com/,0,0,false,false,false,0,0,0,RESEARCHED_INCONCLUSIVE,false
507,ec5d4d8f-d1d0-56e2-9128-b1450e15b8ac,MG,MG3,2026,Hybrid+ Luxury,Hatchback,HEV,Automatic,FWD,P1_EXACT_TRIM_APPLICABILITY,19,1,EXTRACTED,NONE,5,OM-SRC-MG-EU|OM-ART-MG-MG3-ES,https://www.mgmotor.eu/owners/manuals|https://cdn.mgmotor.eu/images/hero-image/Manual-Usuario-MG3.pdf,0,5,false,false,false,0,0,0,FAMILY_SCOPED_RETAINED,false
508,ec772431-4a1b-5e40-99f9-c7599680b1e4,Kia,Sportage,2026,Live 1.6 T-GDI 150 DCT,SUV,GASOLINE,7-speed dual-clutch automatic,FWD,P1_EXACT_TRIM_APPLICABILITY,19,1,EXTRACTED,NONE,5,OM-SRC-KIA-ITALY|OM-ART-KIA-SPORTAGE-2025-EN-GB,https://www.kia.com/it/service/warranty-guides/kia-owners-manual-and-guides/|https://ownersmanual.kia.com/full_webhelp/NQ5/2025/en_GB/toc.html,0,5,false,false,false,0,0,0,FAMILY_SCOPED_RETAINED,false
509,ecb012cb-3be2-5308-acc7-284b6478900c,Volkswagen,Golf,2026,Life 1.5 eTSI 150 DSG,Hatchback,MHEV,7-speed dual-clutch automatic,FWD,P1_PRIMARY_SOURCE_ACCESS,19,1,ACCESS_REVIEW_REQUIRED,NONE,0,OM-SRC-VW-VIN-TR,https://userguide.volkswagen.de/public/vin/login/tr_TR,0,0,false,false,false,0,0,0,RESEARCHED_INCONCLUSIVE,false
510,ecdc4c61-e19a-5867-83b9-056cc64d4531,Hyundai,i20,2026,1.0 T-GDI 90PS DCT Elite GSR2C,Hatchback,GASOLINE,7-speed dual-clutch automatic,FWD,P1_EXACT_TRIM_APPLICABILITY,38,1,EXTRACTED,NONE,7,OM-SRC-HYUNDAI-UK|OM-ART-HYUNDAI-I20-MY25-EN-GB,https://www.hyundai.com/uk/en/owners/owning-a-hyundai/owners-manuals.html|https://dmassets.hyundai.com/is/content/hyundaiautoever/i20_MY25pdf,0,7,false,false,false,0,0,0,FAMILY_SCOPED_RETAINED,false
511,ed20f032-dc54-57f5-ae83-0773b9b7c6ad,Audi,Q7,2026,S line 50 TDI quattro,SUV,DIESEL,8-speed automatic,AWD,P1_PRIMARY_SOURCE_ACCESS,19,1,ACCESS_REVIEW_REQUIRED,NONE,0,OM-SRC-AUDI-VIN,https://ownersmanual.audi.com/,0,0,false,false,false,0,0,0,RESEARCHED_INCONCLUSIVE,false
512,ed52a38b-70f5-55c2-ae9e-f98e64a2e776,Aston Martin,Vantage,2026,Vantage Coupe,Coupe,GASOLINE,8-speed automatic,FWD,P1_PRIMARY_SOURCE_ACCESS,19,1,ACCESS_REVIEW_REQUIRED,NONE,0,OM-SRC-ACCESS-REVIEW-03,https://www.astonmartin.com/en/owners,0,0,false,false,false,0,0,0,RESEARCHED_INCONCLUSIVE,false
513,edc7f094-f2fc-5280-955f-b17a1bb69ac5,BMW,M4 Coupe,2026,Competition M xDrive,Coupe,GASOLINE,Automatic,AWD,P1_PRIMARY_SOURCE_ACCESS,11,1,ACCESS_REVIEW_REQUIRED,NONE,0,OM-SRC-BMW-USA-VIN,https://www.bmwusa.com/owners-manuals.html,0,0,false,false,false,0,0,0,RESEARCHED_INCONCLUSIVE,false
514,ee1a4e26-e3a4-53f2-8c1b-00e55b1aad2d,Tesla,Model Y,2026,Long Range Dört Çeker,SUV,BEV,Single-speed automatic,AWD,P1_EXACT_TRIM_APPLICABILITY,20,1,EXTRACTED,NONE,2,OM-SRC-TESLA-EU|OM-ART-TESLA-MODELY-2025-CARGO-EN-PH-HTML,https://www.tesla.com/ownersmanual/|https://www.tesla.com/ownersmanual/modely/en_ph/GUID-3667D28B-5B3B-49CE-A1C1-3D70AC60D9F6.html,0,2,false,false,false,0,0,0,FAMILY_SCOPED_RETAINED,false
515,ee569d78-4f0a-5505-9241-6f9f1438c907,BMW,X3,2026,20d xDrive,SUV,DIESEL,Automatic,AWD,P1_PRIMARY_SOURCE_ACCESS,11,1,ACCESS_REVIEW_REQUIRED,NONE,0,OM-SRC-BMW-USA-VIN,https://www.bmwusa.com/owners-manuals.html,0,0,false,false,false,0,0,0,RESEARCHED_INCONCLUSIVE,false
516,ef25106c-874e-5f58-bf95-31747bca6e91,BMW,X6,2026,xDrive40d,SUV,DIESEL,Automatic,AWD,P1_PRIMARY_SOURCE_ACCESS,11,1,ACCESS_REVIEW_REQUIRED,NONE,0,OM-SRC-BMW-USA-VIN,https://www.bmwusa.com/owners-manuals.html,0,0,false,false,false,0,0,0,RESEARCHED_INCONCLUSIVE,false
517,ef6d5300-2202-5161-be2a-a52226f29d50,BYD,DOLPHIN,2025,Design,Hatchback,BEV,Single-speed automatic,FWD,P1_EXACT_TRIM_APPLICABILITY,20,1,EXTRACTED,NONE,5,OM-SRC-BYD-EU|OM-ART-BYD-DOLPHIN-TR,https://www.byd.com/eu/service-maintenance/owners-manual|https://www.byd.com/material/byd-site/eu/support/service/manual/20241025/BYD%20DOLPHIN%20Kullan%C4%B1m%20K%C4%B1lavuzu-Soldan%20Direksiyon-TR.pdf,0,5,false,false,false,0,0,0,FAMILY_SCOPED_RETAINED,false
518,f058af27-71d2-5a61-819a-d83a4e35dc48,Hyundai,INSTER,2025,"71,1 kW Dynamic",Hatchback,BEV,Single-speed reduction gear,FWD,P1_EXACT_TRIM_APPLICABILITY,38,1,EXTRACTED,NONE,5,OM-SRC-HYUNDAI-UK|OM-ART-HYUNDAI-INSTER-2025-TR,https://www.hyundai.com/uk/en/owners/owning-a-hyundai/owners-manuals.html|https://www.hyundai.com/content/dam/hyundai/tr/tr/data/marketing/manual/inster-ax-ev/2025/inster.pdf,0,5,false,false,false,0,0,0,FAMILY_SCOPED_RETAINED,false
519,f082bb57-d8a3-57e5-b1f9-4b762f9403a4,Toyota,Proace Max,2026,L4H2 2.2 D-4D 180,Panel Van,DIESEL,6-speed manual,FWD,P1_EXACT_TRIM_APPLICABILITY,17,1,EXTRACTED,NONE,8,OM-SRC-TOYOTA-TR|OM-ART-TOYOTA-PROACE-MAX-2025-TR,https://kullanicielkitaplari.toyota.com.tr/|https://turkiye.toyota.com.tr/Files/KILAVUZ/PROACE_MAX/OM_PZ49X-MAX24-TR.pdf,0,8,false,false,false,0,0,0,FAMILY_SCOPED_RETAINED,false
520,f09ab9cb-300c-5852-9e1f-c7adb3f0d107,Mercedes-Benz,GLE,2026,GLE 300 d 4MATIC AMG,SUV,MHEV,9-speed automatic,AWD,P1_EXACT_TRIM_APPLICABILITY,19,1,EXTRACTED,NONE,3,OM-SRC-MERCEDES-UK|OM-ART-MERCEDES-GLE-2024-EN,https://www.mercedes-benz.co.uk/passengercars/services/manuals.html|https://static.oneweb.mercedes-benz.com/css-oom-assets/en-sa/pdf/mercedes-gle-suv-2024-september-v167-mbux-owners-manual-1.pdf,0,3,false,false,false,0,0,0,FAMILY_SCOPED_RETAINED,false
521,f0a1615b-9ff4-58bc-b681-3989e2ea2cf6,Nissan,Qashqai,2026,Skypack Mild Hybrid,SUV,MHEV,X-Tronic automatic,FWD,P1_EXACT_TRIM_APPLICABILITY,19,1,EXTRACTED,NONE,7,OM-SRC-NISSAN-UK|OM-ART-NISSAN-QASHQAI-2025-EN-MT,https://www.nissan.co.uk/owners/car-repair/car-owner-manual/all-manuals/iom.shtml|https://libs-europe.nissan-cdn.net/nissan-prod-iom/mt/en/qashqaiepower_hj12_e1_2025/pdf/om25en-hj12e1eur.pdf,0,7,false,false,false,0,0,0,FAMILY_SCOPED_RETAINED,false
522,f12f742b-111c-54de-a006-61361fb1ae04,Alfa Romeo,Tonale,2026,1.5 Hybrid 175 PS Speciale TCT7,SUV,MHEV,7-speed TCT dual-clutch automatic,FWD,P1_PRIMARY_SOURCE_ACCESS,31,2,ACCESS_REVIEW_REQUIRED,NONE,0,OM-SRC-ACCESS-REVIEW-01,https://aftersales.fiat.com/eLum/,0,0,false,true,true,0,0,0,RESEARCHED_INCONCLUSIVE,false
523,f19bf149-b4ea-582a-bc18-addcdfe63716,Maserati,GranTurismo Folgore,2026,92.5 kWh AWD,Coupe,BEV,Single-speed automatic,AWD,P1_PRIMARY_SOURCE_ACCESS,20,1,ACCESS_REVIEW_REQUIRED,NONE,0,OM-SRC-ACCESS-REVIEW-16,https://guides.maserati.com/,0,0,false,false,false,0,0,0,RESEARCHED_INCONCLUSIVE,false
524,f1b67f48-895d-57b6-bc50-005f74b91124,Mercedes-Benz,CLE,2026,CLE 300 4MATIC Cabriolet,Convertible,MHEV,9-speed automatic,AWD,P1_EXACT_TRIM_APPLICABILITY,19,1,EXTRACTED,NONE,3,OM-SRC-MERCEDES-UK|OM-ART-MERCEDES-CLE-2024-EN,https://www.mercedes-benz.co.uk/passengercars/services/manuals.html|https://static.oneweb.mercedes-benz.com/css-oom-assets/en-do/pdf/mercedes-cle-coupe-2024-april-c236-mbux-owners-manual-2.pdf,0,3,false,false,false,0,0,0,FAMILY_SCOPED_RETAINED,false
525,f1bded9d-fcf7-5c5b-b996-472eedbb7747,Bentley,Flying Spur,2026,Speed Hybrid,Sedan,PHEV,8-speed dual-clutch automatic,AWD,P1_PRIMARY_SOURCE_ACCESS,21,1,ACCESS_REVIEW_REQUIRED,NONE,0,OM-SRC-ACCESS-REVIEW-04,https://www.bentleymotors.com/en/your-bentley.html,0,0,false,false,false,0,0,0,RESEARCHED_INCONCLUSIVE,false
526,f1e86db7-9f57-51f9-83fd-3cb415693b6c,Togg,T10F,2026,V1 RWD Standart Menzil,Liftback,BEV,Single-speed automatic,FWD,P1_EXACT_TRIM_APPLICABILITY,20,1,EXTRACTED,NONE,7,OM-SRC-TOGG-TR|OM-ART-TOGG-T10F-TR,https://www.togg.com.tr/digital-user-manual|https://toggprodcdn.blob.core.windows.net/trumore/T10F_Kullanici_El_Kitabi_TR_TR.pdf,0,7,false,false,false,0,0,0,FAMILY_SCOPED_RETAINED,false
527,f23e0ef9-b808-545e-833b-c5dc6ec7e79d,Audi,Q3,2026,Advanced 35 TFSI,SUV,MHEV,7-speed dual-clutch automatic,FWD,P1_PRIMARY_SOURCE_ACCESS,19,1,ACCESS_REVIEW_REQUIRED,NONE,0,OM-SRC-AUDI-VIN,https://ownersmanual.audi.com/,0,0,false,false,false,0,0,0,RESEARCHED_INCONCLUSIVE,false
528,f486aa93-82c2-57d3-9360-fd6dc1752a38,CUPRA,Terramar,2026,Supreme 1.5 eTSI ACT 150 PS DSG,SUV,MHEV,7-speed dual-clutch automatic,FWD,P1_EXACT_TRIM_APPLICABILITY,23,1,EXTRACTED,NONE,3,OM-SRC-CUPRA-UK|OM-ART-CUPRA-TERRAMAR-2026-EN,https://www.cupraofficial.com/owners/cupra-car-model-manuals.html|https://www.cupraofficial.com/content/dam/public/cupra-website/cars/terramar/broachure/cupra-terramar-catalogue-jan-2026.pdf,0,3,false,false,false,0,0,0,FAMILY_SCOPED_RETAINED,false
529,f4ad6b6f-8268-59d6-a008-42619e6afaae,Togg,T10F,2026,V2 RWD Uzun Menzil,Liftback,BEV,Single-speed automatic,FWD,P1_EXACT_TRIM_APPLICABILITY,20,1,EXTRACTED,NONE,7,OM-SRC-TOGG-TR|OM-ART-TOGG-T10F-TR,https://www.togg.com.tr/digital-user-manual|https://toggprodcdn.blob.core.windows.net/trumore/T10F_Kullanici_El_Kitabi_TR_TR.pdf,0,7,false,false,false,0,0,0,FAMILY_SCOPED_RETAINED,false
530,f4c85011-2681-516d-b105-81627451401f,Mercedes-Benz,G-Serisi,2026,G 450 d AMG,SUV,MHEV,9-speed automatic,AWD,P1_EXACT_TRIM_APPLICABILITY,19,1,EXTRACTED,NONE,6,OM-SRC-MERCEDES-UK|OM-ART-MERCEDES-G-CLASS-ELECTRIC-2024-EN|OM-ART-MERCEDES-G-CLASS-ICE-2024-EN-CA,https://www.mercedes-benz.co.uk/passengercars/services/manuals.html|https://static.oneweb.mercedes-benz.com/css-oom-assets/en-bh/pdf/mercedes-g-class-suv-2024-september-e465-mbux-owners-manual-1.pdf|https://static.oneweb.mercedes-benz.com/css-oom-assets/en-ca/pdf/mercedes-g-class-suv-2024-september-w465-mbux-operators-manual-1.pdf,0,4,false,false,false,0,0,0,FAMILY_SCOPED_RETAINED,false
531,f4f85dca-db7b-58c7-8049-08158325bec9,Hyundai,i20,2026,1.0 T-GDI 90PS DCT Elite (GSR2C & E-Call),Hatchback,GASOLINE,7-speed dual-clutch automatic,FWD,P1_EXACT_TRIM_APPLICABILITY,39,1,EXTRACTED,NONE,7,OM-SRC-HYUNDAI-UK|OM-ART-HYUNDAI-I20-MY25-EN-GB,https://www.hyundai.com/uk/en/owners/owning-a-hyundai/owners-manuals.html|https://dmassets.hyundai.com/is/content/hyundaiautoever/i20_MY25pdf,0,7,false,false,false,0,0,0,FAMILY_SCOPED_RETAINED,false
532,f4faa028-8393-5675-9f36-0654cc60339a,Hyundai,Yeni IONIQ 6,2026,125 kW Standart Menzil Advance,Sedan,BEV,Single-speed reduction gear,RWD,P1_EXACT_TRIM_APPLICABILITY,37,1,EXTRACTED,NONE,8,OM-SRC-HYUNDAI-UK|OM-ART-HYUNDAI-IONIQ6-EN-GB,https://www.hyundai.com/uk/en/owners/owning-a-hyundai/owners-manuals.html|https://dmassets.hyundai.com/is/content/hyundaiautoever/Ioniq+6pdf-3,0,8,false,false,false,0,0,0,FAMILY_SCOPED_RETAINED,false
533,f5fda6f0-981f-5410-99ae-458d64abe5d0,Togg,T10X,2026,V1 RWD Standart Menzil,SUV,BEV,Single-speed automatic,FWD,P1_EXACT_TRIM_APPLICABILITY,20,1,EXTRACTED,NONE,7,OM-SRC-TOGG-TR|OM-ART-TOGG-T10X-TR,https://www.togg.com.tr/digital-user-manual|https://trumore-cdn.togg.cloud/T10X_Kullanici_El_Kitabi_TR_TR.pdf,0,7,false,false,false,0,0,0,FAMILY_SCOPED_RETAINED,false
534,f663f3d8-b5ec-5e79-843f-a8cf26d138b6,Renault,Renault 5 E-Tech,2026,Techno 52 kWh,Hatchback,BEV,Single-speed automatic,FWD,P1_EXACT_TRIM_APPLICABILITY,20,1,EXTRACTED,NONE,1,OM-SRC-RENAULT-GUIDE|OM-ART-RENAULT-5-EN,https://www.user-manual.renault.com/en|https://www.user-manual.renault.com/en/renault-5/driving,0,1,false,false,false,0,0,0,FAMILY_SCOPED_RETAINED,false
535,f6dd5d13-d8c9-5a92-a299-b6094aa3639b,BMW,1 Serisi,2026,120,Hatchback,MHEV,Automatic,FWD,P1_PRIMARY_SOURCE_ACCESS,11,1,ACCESS_REVIEW_REQUIRED,NONE,0,OM-SRC-BMW-USA-VIN,https://www.bmwusa.com/owners-manuals.html,0,0,false,false,false,0,0,0,RESEARCHED_INCONCLUSIVE,false
536,f717dee8-b403-53ea-a7a8-1083f0dab87f,BYD,HAN,2025,Executive,Sedan,BEV,Single-speed automatic,AWD,P1_EXACT_TRIM_APPLICABILITY,20,1,EXTRACTED,NONE,4,OM-SRC-BYD-EU|OM-ART-BYD-HAN-2024-DE,https://www.byd.com/eu/service-maintenance/owners-manual|https://prod2.byd.com/material/byd-site/eu/support/service/manual/20241030/han/BYD%20HAN%20Bedienungsanleitung-Linkslenker-DE.pdf,0,4,false,false,false,0,0,0,FAMILY_SCOPED_RETAINED,false
537,f74d7af2-2773-52f7-a156-955ce1d26434,Audi,A6 Avant e-tron,2026,performance,Station Wagon,BEV,Single-speed automatic,FWD,P1_PRIMARY_SOURCE_ACCESS,20,1,ACCESS_REVIEW_REQUIRED,NONE,0,OM-SRC-AUDI-VIN,https://ownersmanual.audi.com/,0,0,false,false,false,0,0,0,RESEARCHED_INCONCLUSIVE,false
538,f81b0873-f3a7-454a-9f34-4d5ad273708d,Renault,Megane Sedan,2026,Touch 1.3 TCe EDC 140 bg,Sedan,GASOLINE,7-speed dual-clutch automatic,FWD,P1_EXACT_TRIM_APPLICABILITY,31,1,EXTRACTED,NONE,11,OM-SRC-RENAULT-GUIDE|OM-ART-RENAULT-MEGANE-ETECH-EN-GB|OM-ART-RENAULT-MEGANE-SEDAN-2025-EN-HTML,https://www.user-manual.renault.com/en|https://www.user-manual.renault.com/sites/renault/files/GUI_NU_REN_BCB_1402_8_0_LHD-RHD_PRNT-en-GB.pdf|https://www.user-manual.renault.com/en/notice/21609/explore,0,8,false,false,false,0,0,0,FAMILY_SCOPED_RETAINED,false
539,f84a99bf-82a3-5992-baa9-f999fc81a748,Citroën,Jumpy Van,2026,Panelvan L3 Uzun 1.5 BlueHDi 120 6MT,Panel Van,DIESEL,6-speed manual,FWD,P1_EXACT_TRIM_APPLICABILITY,19,1,EXTRACTED,NONE,8,OM-SRC-CITROEN-SERVICE|OM-ART-CITROEN-JUMPY-SPACETOURER-2018-FR,https://service.citroen.com/ACddb/|https://service.citroen.com/ACddb/modeles/jumpy/eGuide_jumpy_jumpy3vp_ed01-18/pdfs/9999_9999_268_fr-FR.pdf,0,8,false,false,false,0,0,0,FAMILY_SCOPED_RETAINED,false
540,fa4f2760-32ab-5e25-8b24-7b82cf6063f8,Volkswagen,Crafter Panelvan,2026,35 L4H3 2.0 TDI 177 AT,Panel Van,DIESEL,8-speed automatic,FWD,P1_PRIMARY_SOURCE_ACCESS,17,1,ACCESS_REVIEW_REQUIRED,NONE,0,OM-SRC-VW-VIN-TR,https://userguide.volkswagen.de/public/vin/login/tr_TR,0,0,false,false,false,0,0,0,RESEARCHED_INCONCLUSIVE,false
541,fad6163a-4951-5093-b658-0ba73b04ac02,Suzuki,Vitara,2026,GL Elegance 1.4 MHEV 6AT,SUV,MHEV,6-speed automatic,FWD,P1_PRIMARY_SOURCE_ACCESS,19,1,ACCESS_REVIEW_REQUIRED,NONE,0,OM-SRC-ACCESS-REVIEW-22,https://cars.suzuki.co.uk/owners/,0,0,false,false,false,0,0,0,RESEARCHED_INCONCLUSIVE,false
542,fb5b7bb2-6a16-5441-8aa4-ab176da6c6bc,Ford,Kuga,2026,Titanium 2.5 Duratec PHEV,SUV,PHEV,e-CVT automatic,FWD,P1_EXACT_TRIM_APPLICABILITY,21,1,EXTRACTED,NONE,9,OM-SRC-FORD-TR|OM-ART-FORD-KUGA-2025-EN-GB,https://www.fordservicecontent.com/Ford_Content/vdirsnet/OwnerManual/|https://www.fordservicecontent.com/Ford_Content/Catalog/owner_information/CG3992en-202501-20250507122111.pdf,0,9,false,false,false,0,0,0,FAMILY_SCOPED_RETAINED,false
543,fb9b2413-a5f0-5b16-b0a6-7d5d3fa2902d,Toyota,Yaris,2026,Passion X-Pack 1.5 Hybrid e-CVT,Hatchback,HEV,CVT automatic,FWD,P1_EXACT_TRIM_APPLICABILITY,19,1,EXTRACTED,NONE,5,OM-SRC-TOYOTA-TR|OM-ART-TOYOTA-YARIS-HEV-2026-TR,https://kullanicielkitaplari.toyota.com.tr/|https://turkiye.toyota.com.tr/Files/KILAVUZ/YARIS_HYBRID/Yaris_HEV_OM_OM9AG95T.pdf,0,5,false,false,false,0,0,0,FAMILY_SCOPED_RETAINED,false
544,fcc02e3e-24d0-54e3-9318-d8d2401e7435,Subaru,Crosstrek,2026,2.0i Xclusive e-BOXER,SUV,HEV,CVT automatic,AWD,P1_PRIMARY_SOURCE_ACCESS,19,1,ACCESS_REVIEW_REQUIRED,NONE,0,OM-SRC-ACCESS-REVIEW-21,https://www.subaru.com/owners/vehicle-resources.html,0,0,false,false,false,0,0,0,RESEARCHED_INCONCLUSIVE,false
545,fcfff03b-61a0-57b2-b2a3-f159e639cbc5,BMW,X7,2026,xDrive40d,SUV,DIESEL,Automatic,AWD,P1_PRIMARY_SOURCE_ACCESS,11,1,ACCESS_REVIEW_REQUIRED,NONE,0,OM-SRC-BMW-USA-VIN,https://www.bmwusa.com/owners-manuals.html,0,0,false,false,false,0,0,0,RESEARCHED_INCONCLUSIVE,false
546,fd7e3576-42f9-5b28-895c-0b86e6269c18,Renault,Trafic Combi,2026,5+1 2.0 Blue dCi 150,Passenger Van,DIESEL,6-speed manual,FWD,P1_EXACT_TRIM_APPLICABILITY,16,1,EXTRACTED,NONE,8,OM-SRC-RENAULT-GUIDE|OM-ART-RENAULT-TRAFIC-PH2-EN,https://www.user-manual.renault.com/en|https://www.user-manual.renault.com/sites/renault/files/Trafic_3_ph2_-_1374-9_ENG.pdf,0,8,false,false,false,0,0,0,FAMILY_SCOPED_RETAINED,false
547,fe517901-d2cf-56af-b630-0d0210ec90a5,Volkswagen,Passat,2026,R-Line 1.5 eHybrid 204 DSG,Station Wagon,PHEV,6-speed dual-clutch automatic,FWD,P1_PRIMARY_SOURCE_ACCESS,21,1,ACCESS_REVIEW_REQUIRED,NONE,0,OM-SRC-VW-VIN-TR,https://userguide.volkswagen.de/public/vin/login/tr_TR,0,0,false,false,false,0,0,0,RESEARCHED_INCONCLUSIVE,false
548,fed3a45c-3887-5520-bd0d-c8e593adc90e,CUPRA,Terramar,2026,VZ-Line 1.5 eTSI ACT 150 PS DSG,SUV,MHEV,7-speed dual-clutch automatic,FWD,P1_EXACT_TRIM_APPLICABILITY,23,1,EXTRACTED,NONE,3,OM-SRC-CUPRA-UK|OM-ART-CUPRA-TERRAMAR-2026-EN,https://www.cupraofficial.com/owners/cupra-car-model-manuals.html|https://www.cupraofficial.com/content/dam/public/cupra-website/cars/terramar/broachure/cupra-terramar-catalogue-jan-2026.pdf,0,3,false,false,false,0,0,0,FAMILY_SCOPED_RETAINED,false
549,ff0a0a14-2f8a-52be-9379-52c13e8462e7,Lexus,NX,2026,NX 350h Business,SUV,HEV,e-CVT automatic,AWD,P1_EXACT_TRIM_APPLICABILITY,19,1,EXTRACTED,NONE,1,OM-SRC-LEXUS-EU|OM-ART-LEXUS-NX-2023-SEAT-HEATER-JA-JP-HTML,https://www.lexus.eu/owners/connected-services/manuals|https://manual.lexus.jp/nx/2303/hev/ja_JP/contents/ysc1634006255450.php,0,1,false,false,false,0,0,0,FAMILY_SCOPED_RETAINED,false
